resident,location,requirement,service,location_es
Nácar,Route 3,Pay 1000 Pokéfrancs,Pokémon Shop,
Azahara,Sanctuary of the Kings,Answer questions,Move Reminder,
Margarito,Route 6,Side quest battle,Pokémon Ranch (PC),Ruta 6 (casa superior derecha)
Isidora,Route 8,Find scarf,Daycare,"Ruta 8 (fuente central, devolver pañuelo de Mansión Merlot)"
Dendro,Service Station,Find 2 books,Ability Changer,Estación de Servicio (recuperar 2 libros de Mansión Merlot y Aserradero)
Espino,Route 11,Find sword + battle,EV-reducing berries,Ruta 11 (encontrar espada en roca y derrotarle)
Jara,Old Vánitas,Cure Furret,Medicinal herbs,Viejo Vánitas (curar a su Furret con Efigie de Xerneas)
Plumanegra,Luminalia Crypts,Return belongings,EV items,Criptas de Luminalia (recuperar pertenencias tras calavera roja y vencerle)
Pistia,Dark Tower,Free from Hypno,EV items,Torre Oscura (liberar del control mental con Bálsamo Sedante)
Mariano & Luciano,Poké Ball Factory,Battle,EV training,Fábrica de Poké Balls (abrir puerta mercúrica y derrotarles)
Dandelio,Prison of Oblivion,Find Sudowoodo,Trades,Prisión del Olvido (recuperar Sudowoodo detrás de molino de Pueblo Fresco)
Andrea,Route 16,Retrieve tools,Mining minigame,Ruta 16 (ex-recluta Azoth; recuperar herramientas con Buceo en el lago)
Ginia,Route 19,Battle in cave,Form changer,Ruta 19 / Cueva Desenlace (vencerle en la última sala)
Briof,Mosaic Town,Find shiny Furfrou,Competitive items,Pueblo Mosaico / Ruta 20 (encontrar Furfrou shiny)
Mimi,Sanguine Town,Lens tasks + battle,Utility services,Pueblo Sanguino (usar Lente de la Verdad en 3 Pokémon del Circo y vencerla)
Madame Caléndula,Luminalia Station,Find ring,Mint shop,
Cerúleo,Route 23,Library puzzle,Crafting items,Ruta 23 / Barco en tierra (desafío de verdad en la biblioteca secreta)
