place,location,guide_page,recipe_count,unlock_tier
Ciudad Grisalla,Entre un árbol y una pared de roca a la derecha de la ciudad.,440,,
Ruta 3,"En la segunda parte de la ruta, entrar al charco de agua y caminar hacia la parte inferior izquierda, ese camino nos llevará a la primera parte de la ruta y la encontraremos.",440,,
Bosque Ladera,"Debes tomar una salida alterna del bosque, en lugar de tomar la de más a la izquierda deberemos tomar una que está más escondida. Si tenemos ubicado el Nido Alfa, es tomar el camino hacia la derecha desde ahí, y salir a un terreno cerrado con la Página de Alquimia a nuestra derecha.",440,,
Bosque Ladera Parte 2,"Una vez finalizado el combate Boss contra Núbila, a la izquierda hay un hueco con hierba alta.",440,,
Pueblo Collage,"En la parte superior derecha hay un laberinto con montículos, es saltar el montículo del centro e ir hacia abajo.",440,,
Ruta 5 Parte 2,"En la segunda parte de la ruta, abajo derecha habrá un camino para volver a la primera parte, requiere Montura Gogoat.",440,,
Santuario de los Reyes,"A la izquierda de las estatuas, tomar el camino hacia arriba y luego hacia la derecha.",440,,
Jardín de Chateau Rosillon,"En la parte superior izquierda hay un hueco, de ahí es ir hacia abajo cruzando hierba alta.",440,,
Antigua Biblioteca,"Desde la sala donde se encontraban Melia y Crisanto, debemos tomar la puerta de la izquierda, tras ello, avanzaremos a la derecha y bajaremos las escaleras. Deberemos entrar en la primera sala, que queda a nuestra izquierda.",440,,
Pantano Profano,"Al llegar al enorme charco de agua en la primera pantalla, ir hacia la esquina superior derecha, habrá que pasar hierba alta.",440,,
Ruta 7 Parte 2,"En la parte inferior izquierda de la ruta, tras bajar dos escaleras ir hacia la derecha, antes del lago.",440,,
Ciudad Novarte,"En la parte inferior de la primera clase, que está a la izquierda nada más entrar.",440,,
Taller Quemado,"En el sótano, en la esquina superior izquierda.",440,,
Taller Quemado,"En el sótano, en la sala donde conocemos a F3, en la zona de la izquierda.",440,,
Ruta 8,"En la parte totalmente a la izquierda de la ruta a media altura, deberemos ir hasta el límite del mapa a la izquierda y la encontraremos abajo en un rincón.",440,,
Ruta 8 Parte 3,"En la zona izquierda de la ruta, a la izquierda de la mansión detrás de la burguesa, se necesita poder surfear en el agua para acceder. (Requiere Surf).",440,,
Mansión de Lanto,"En la dimensión alterna, en el dormitorio de la izquierda de la sala del salón principal, en el papiro junto a la cama.",440,,
Catacumbas Septentrionales,"En la esquina inferior izquierda de la sala donde podremos deslizarnos a través del hielo, en forma de papiro. (Requiere Fuerza).",440,,
Pueblo Bodegón,"En la zona más a la derecha del pueblo, dentro de los cultivos.",440,,
Ruta 9,"En la zona de la izquierda, deberemos acceder por la esquina superior izquierda de la ruta, por detrás de la Granja, cruzando la hierba alta para después ir hacia el sur y llegar al papiro.",440,,
Ruta 10,"En la zona central de la ruta, habrá que usar Polvo Explosivo para abrirnos paso y después usar la Montura Gogoat para descender por la pared rocosa, es el papiro que encontraremos.",440,,
Isla Certijo,"En la parte superior central de la zona, a la derecha de un arco de hojas.",441,,
Ruta 11,"En un islote solitario a la izquierda del mapa, requerimos de la capacidad de surfear para obtenerla. (Requiere Surf).",441,,
Ruta 11 Parte 2,Tras tomar un par de saltos hacia abajo quedará en la zona izquierda a la revolucionaria.,441,,
Viejo Vánitas,"En el mapa izquierdo, en la zona central, estará en el cementerio, justo al lado del malhechor y de una curandera.",441,,
Huerto Vánitas,En la esquina inferior derecha del huerto.,441,,
Ruta 13,"En la segunda pantalla, nada más entrar nos debemos pegar a los árboles de abajo, habrá un hueco entre ellos.",441,,
Ciudad Luminalia Sur,"En la cafetería, dentro de la barra.",441,,
Catedral Señorial,"Deberemos subir las escaleras de la izquierda de la planta inferior, tras hacerlo lo encontraremos a la izquierda, junto a una señora que está mirando unas estanterías.",441,,
Ciudad Luminalia Norte,"En la esquina superior derecha del mapa, detrás de una casa, junto a unos barriles.",441,,
Ciudad Luminalia Norte,Deberemos hacer Surf en la zona central y rodear unos setos.,441,,
Torre Oscura,Justo debajo de la puerta que da acceso a la pelea contra el clon.,441,,
Ruta 14,"Justo a la izquierda del primer puente habrá un hueco para poder surfear, deberemos ir hacia la izquierda y trepar una pared rocosa.",441,,
Ruta 15,Nada más entrar en la ruta hacia abajo y a la izquierda.,441,,
Ruta 15,"Justo debajo del puente, deberemos surfear el río hacia abajo y después hacia la izquierda, la encontraremos en una zona solitaria.",441,,
Ruta 17,"En la esquina inferior derecha del mapa, deberemos bajar al nivel inferior y surfear para llegar hasta ella.",441,,
Ruta 18,Entre la hierba alta debajo del Grumpig sanador.,441,,
Lago de Ciudad Fluxus,"Zona central norte del lago, a la derecha y arriba de la entrada a la Forja Inundada.",441,,
Ruta 19,Detrás de la roca al lado del Refugio.,441,,
Ruta 20,"En la parte inferior de la ruta, tras atravesar el puente por abajo, justo al lado de la entrada a las Catacumbas Orientales.",441,,
Ruta 21,"En la zona superior derecha del mapa, para llegar a ella necesitaremos cortar un árbol, hacer surf y descender una montaña rocosa.",441,,
Bosque Errante,En la zona con un árbol gigante en medio solo accesible por arriba,441,,
Ruta 22,Tras cortar unos árboles en una zona de columpios.,441,,
Expansiones Luminalia Este,Tras unos edificios en construcción.,441,,
