page,species_identified,alt_identification,confidence,level,item,ability,nature,moves,sprite_png,guide_context,note
29,croagunk,Pikachu Z,guide art + Gemini second opinion (unverified),14,BAYA PAYAPA,TOQUE TÓXICO,NEUTRA,SORPRESA | GOLPE ROCA | GOLPE BAJO | CARGA TÓXICA,sprites/s0001_p29.png,Tiene disponible una Superpoción como objeto curativo.,"Corrected from croagunk: Canola ace, Electric/Poison with Toque Tóxico & Payapa Berry"
30,baltoy,,"guide art, matched by eye",14,CINTA FUERTE,ENERGÍA PURA,NEUTRA,TUMBA ROCAS | PSICORRAYO | GOLPE ROCA | REFLEJO,sprites/s0002_p30.png,,
30,kricketune-z,,"guide art, matched by eye",15,BAYA ARANJA,CONTRA- GUARDIA,NEUTRA,MOFA | GOLPE ROCA | BRINCO | CANTO,sprites/s0003_p30.png,,
35,UNKNOWN,Gloom,guide art + Gemini second opinion (unverified),18,BAYA LICHI,GULA,NEUTRA,HOJA AFILADA | ÁCIDO | PICADURA | SOMNÍFERO,sprites/s0004_p35.png,Tiene disponible una Superpoción como objeto curativo.,Corrected from UNKNOWN: Melia grass encounter with Gluttony & Lychee Berry
35,bronzor,,"guide art, matched by eye",18,NINGUNO,IGNÍFUGO,NEUTRA,PARANORMAL | GIRO BOLA | RAYO CONFUSO | HIPNOSIS,sprites/s0005_p35.png,Tiene disponible una Superpoción como objeto curativo.,
36,wobbuffet,,"guide art, matched by eye",19,BAYA ARANJA,ALQUIMIA VIL,NEUTRA,ARRUMACO | BOMBA ÁCIDA | LUZ DECADENTE | ARMADURA ÁCIDA,sprites/s0006_p36.png,,
37,chansey,,"guide art, matched by eye",18,NINGUNO,TENACIDAD,NEUTRA,CANTO | ANTOJO | GOLPE CUERPO | GOLPE ROCA,sprites/s0007_p37.png,Tiene disponible una Superpoción como objeto curativo.,
37,lileep,,"guide art, matched by eye",19,BAYA KEBIA,RASTRO,NEUTRA,PSICORRAYO | VIENTO HIELO | BESO DRENAJE | RAYO CONFUSO,sprites/s0008_p37.png,Tiene disponible una Superpoción como objeto curativo.,
37,kadabra,Quilladin Z,guide art + Gemini second opinion (unverified),20,BAYA ARANJA,ESPESURA,NEUTRA,LATIGO CEPA | MORDISCO | DISPARO LODO | DRENADORAS,sprites/s0009_p37.png,Y DE ÚLTIMO POKÉMON EL INICIAL DÉBIL FRENTE A NUESTRO TIPO ELEGIDO.,"Corrected from kadabra: Crisanto grass starter with Overgrow, Vine Whip, Mud Shot"
38,simisear,Braixen Z,guide art + Gemini second opinion (unverified),20,BAYA ARANJA,MAR LLAMAS,NEUTRA,ASCUAS | IMPAC- TRUENO | MOFLETE ESTÁTICO | GOLPE ROCA,sprites/s0010_p38.png,,"Corrected from simisear: Crisanto fire starter with Blaze, Ember, Thundershock, Nuzzle"
38,machoke,Frogadier Z,guide art + Gemini second opinion (unverified),20,BAYA ARANJA,TORRENTE,NEUTRA,BURBUJA | CONFUSIÓN | GOLPE AÉREO | LADRÓN,sprites/s0011_p38.png,,"Corrected from machoke: Crisanto water starter with Torrent, Bubble, Confusion, Aerial Ace"
42,cacturne,,"guide art, matched by eye",21,NINGUNO,FLORACIÓN,NEUTRA,BESO DRENAJE | HOJA MÁGICA | AGUA FRÍA | ENCANTO,sprites/s0012_p42.png,Tiene disponible una Superpoción como objeto curativo.,
42,chansey,,"guide art, matched by eye",21,NINGUNO,SINCRONÍA,NEUTRA,CONFUSIÓN | ONDA VOLTIO | HIPNOSIS | LUZ LUNAR,sprites/s0013_p42.png,Tiene disponible una Superpoción como objeto curativo.,
42,kadabra,Quilladin Z,guide art + Gemini second opinion (unverified),22,BAYA ARANJA,ESPESURA,NEUTRA,,sprites/s0014_p42.png,Y DE ÚLTIMO POKÉMON EL INICIAL FUERTE FRENTE A NUESTRO TIPO ELEGIDO.,Corrected from kadabra: Melia starter with Overgrow
43,simisear,Braixen Z,guide art + Gemini second opinion (unverified),22,BAYA ARANJA,MAR LLAMAS,NEUTRA,ASCUAS | IMPAC- TRUENO | MOFLETE ESTÁTICO | GOLPE ROCA,sprites/s0015_p43.png,,Corrected from simisear: Melia starter with Blaze
43,machoke,Frogadier Z,guide art + Gemini second opinion (unverified),22,BAYA ARANJA,TORRENTE,NEUTRA,BURBUJA | CONFUSIÓN | GOLPE AÉREO | LADRÓN,sprites/s0016_p43.png,,Corrected from machoke: Melia starter with Torrent
47,beldum,Lampent,guide art + Gemini second opinion (unverified),23,MINERAL EVOLUTIVO,ABS. FUEGO/ CUER. LLAMA,NEUTRA,,sprites/s0017_p47.png,Tiene disponible una Superpoción como objeto curativo.,Corrected from beldum: Hisopo ghost/fire with Flash Fire / Flame Body & Eviolite
48,cofagrigus-z,,"guide art, matched by eye",23,CHALECO ASALTO,LEVITACIÓN,NEUTRA,BOLA SOMBRA | BESO DRENAJE | ONDA VOLTIO | VIENTO HIELO,sprites/s0018_p48.png,,
48,bronzong,Marowak Z,guide art + Gemini second opinion (unverified),24,BAYA ARANJA,PUNTA ACERO,NEUTRA,GARRA UMBRÍA | FERRO- PRISIÓN | TINIEBLAS | FUEGO FATUO,sprites/s0019_p48.png,,"Corrected from bronzong: Hisopo Ground/Ghost ace with Shadow Claw, Iron Prison, Will-O-Wisp"
51,noivern,,"guide art, matched by eye",24,NINGUNO,NERVIOSISMO /VISTA LINCE,NEUTRA,PICOTEO | AFILA- GARRAS | IDA Y VUELTA | LADRÓN,sprites/s0020_p51.png,Actor Sombrío Malvo,
51,UNKNOWN,Tyrunt,guide art + Gemini second opinion (unverified),24,NINGUNO,ROMPEMOLD- ES/RIVALIDAD,NEUTRA,MORDISCO | CARA SUSTO | COLA DRAGÓN | TERRA- TEMBLOR,sprites/s0021_p51.png,Actor Sombrío Malvo,"Corrected from UNKNOWN: Malvo dragon/rock with Mold Breaker/Rivalry, Dragon Breath"
53,cloyster,,"guide art, matched by eye",25,NINGUNO,CABEZA ROCA,NEUTRA,MORDISCO | COLMILLO ÍGNEO | COLMILLO RAYO | DRAGOALIEN TO,sprites/s0022_p53.png,Tiene disponible dos Superpociones como objetos curativos.,
53,electivire,,"guide art, matched by eye",25,NINGUNO,MURO MÁGICO,NEUTRA,PSICORRAYO | ONDA VOLTIO | ENERGIBOLA | HIPNOSIS,sprites/s0023_p53.png,Tiene disponible dos Superpociones como objetos curativos.,
54,aggron,,"guide art, matched by eye",26,BAYA ARANJA,AFORTUNADO,NEUTRA,MORDISCO | GOLPE AÉREO | TORMENTO | FOCO ENERGÍA,sprites/s0024_p54.png,,
64,girafarig,,"guide art, matched by eye",28,CINTA FUERTE,ACOMETIDA,NEUTRA,HOJA AFILADA | TERRA- TEMBLOR | TUMBA ROCAS | DRENADORAS,sprites/s0025_p64.png,Tiene disponible dos Superpociones como objetos curativos.,
64,skeledirge,,"guide art, matched by eye",28,NINGUNO,COR. FUERTE/ CAPARAZÓN,NEUTRA,CONCHA FILO | GARRA METAL | PISOTÓN | TUMBA ROCAS,sprites/s0026_p64.png,Tiene disponible dos Superpociones como objetos curativos.,
64,cacturne,,"guide art, matched by eye",29,BAYA ZIUELA,PEDANTE,-ATK +DEF,PARANORMAL | RESIDUOS | MEGA- AGOTAR | DESCANSO,sprites/s0027_p64.png,Tiene disponible dos Superpociones como objetos curativos.,
75,scizor,,"guide art, matched by eye",32,BAYA CAOCA,ENJAMBRE/ TOQ.TÓXICO,NEUTRA,,sprites/s0028_p75.png,Alquimista Azoth Wolfram,
76,steelix,,"guide art, matched by eye",32,NINGUNO,POMPA,NEUTRA,RED VISCOSA | PLANCHA | RAYO BURBUJA | TRITURAR,sprites/s0029_p76.png,,
76,electivire,,"guide art, matched by eye",33,BAYA ZIDRA,OJOCOM- PUESTO/ NERVIOSISMO,-ATK +ATK. ESP,RED VISCOSA | RAYO SEÑAL | ONDA VOLTIO | GIGA- DRENADO,sprites/s0030_p76.png,,
78,UNKNOWN,Porygon2 Z,guide art + Gemini second opinion (unverified),33,MINERAL EVOLUTIVO,CALCO,NEUTRA,CARGA- AGRESIÓN | PSICORRAYO | RECUPE- RACIÓN | TRIATAQUE,sprites/s0031_p78.png,Tiene disponible dos Hiperpociones como objetos curativos.,"Corrected from UNKNOWN: F3 electric/normal ace with Trace, Tri Attack, Agility-Charge"
79,UNKNOWN,Porygon2 Z,guide art + Gemini second opinion (unverified),33,CHALECO ASALTO,DESCARGA,NEUTRA,CARGA- AGRESIÓN | BOLA SOMBRA | RAYO SEÑAL | TRIATAQUE,sprites/s0032_p79.png,,Corrected from UNKNOWN: F3 alternate switch difficulty variant with Download
79,meditite,,"guide art, matched by eye",34,BAYA ZIDRA,DESCARGA,-ATK +VEL,CARGA- AGRESIÓN | HUMAREDA | ONDA TRUENO | TRIATAQUE,sprites/s0033_p79.png,,
79,UNKNOWN,Porygon2 Z,guide art + Gemini second opinion (unverified),33,SUPER MINERAL EVOLUTIVO,CALCO,-ATK +ATK. ESP,CARGA- AGRESIÓN | PSÍQUICO | RECUPE- RACIÓN | TRIATAQUE,sprites/s0034_p79.png,Tiene disponible 2 hiperpociones.,Corrected from UNKNOWN: F3 switch difficulty variant with Super Eviolite
80,UNKNOWN,Porygon2 Z,guide art + Gemini second opinion (unverified),33,MINERAL EVOLUTIVO,DESCARGA,-ATK +ATK. ESP,CARGA- AGRESIÓN | BOLA SOMBRA | RAYO SEÑAL | TRIATAQUE,sprites/s0035_p80.png,,Corrected from UNKNOWN: F3 switch difficulty variant
80,meditite,,"guide art, matched by eye",34,BAYA ZIDRA,DESCARGA,-ATK +VEL,CARGA- AGRESIÓN | HUMAREDA | ONDA TRUENO | TRIATAQUE,sprites/s0036_p80.png,,
80,haunter,Pincurchin,guide art + Gemini second opinion (unverified),33,BAYA ACARDO,ELECTROGÉN ESIS,-ATK. ESP +DEF,ELECTROPICO | RECUPERACI ÓN | HIDROARIETE | MALDICIÓN,sprites/s0037_p80.png,Regente F3,Corrected from haunter: F3 electric terrain setter with Electric Surge & Zing Zap
80,UNKNOWN,Porygon2 Z,guide art + Gemini second opinion (unverified),33,SUPER MINERAL EVOLUTIVO,DESCARGA,-ATK +ATK. ESP,CARGA- AGRESIÓN | PSÍQUICO | RECUPE- RACIÓN | TRIATAQUE,sprites/s0038_p80.png,Regente F3,Corrected from UNKNOWN: F3 2-switch difficulty ace
81,UNKNOWN,Porygon2 Z,guide art + Gemini second opinion (unverified),33,MINERAL EVOLUTIVO,DESCARGA,-ATK +ATK. ESP,CARGA- AGRESIÓN | BOLA SOMBRA | RAYO SEÑAL | TRIATAQUE,sprites/s0039_p81.png,,Corrected from UNKNOWN: F3 2-switch difficulty ace variant
81,meditite,,"guide art, matched by eye",34,VIDASFERA,DESCARGA,-ATK +VEL,CARGA- AGRESIÓN | HUMAREDA | ONDA TRUENO | TRIATAQUE,sprites/s0040_p81.png,,
85,audino,,"guide art, matched by eye",35,NINGUNO,TENACIDAD,NEUTRA,VOZARRÓN | BESO DRENAJE | VIENTO HIELO | CANTO,sprites/s0041_p85.png,Tiene disponible dos Hiperpociones como objetos curativos.,
85,lileep,,"guide art, matched by eye",34,MINERAL EVOLUTIVO,CALCO,NEUTRA,PARANORMAL | BESO DRENAJE | RAYO CARGA | BOLA SOMBRA,sprites/s0042_p85.png,Tiene disponible dos Hiperpociones como objetos curativos.,
85,simisear,,"guide art, matched by eye",34,BAYA ATANIA,HERBÍVORO,NEUTRA,ASTA DRENAJE | TERRATEMBL OR | AVALANCHA | DESCANSO,sprites/s0043_p85.png,Tiene disponible dos Hiperpociones como objetos curativos.,
86,kadabra,,"guide art, matched by eye",36,BAYA ZIDRA,ESPESURA,+ATK -ATK.ESP,HOJA AFILADA | TRITURAR | TERRA- TEMBLOR | DRENADORAS,sprites/s0044_p86.png,,
86,simisear,,"guide art, matched by eye",36,BAYA ZIDRA,MAR LLAMAS,+ATK -ATK. ESP,COLMILLO ÍGNEO | COLMILLO RAYO | MOFLETE ESTÁTICO | DEMOLICIÓN,sprites/s0045_p86.png,,
86,machoke,,"guide art, matched by eye",36,BAYA ZIDRA,TORRENTE,-ATK +ATK. ESP,HIDROPULSO | PSICORRAYO | PUÑO HIELO | PULSO UMBRÍO,sprites/s0046_p86.png,,
93,UNKNOWN,,"guide art, matched by eye",36,BAYA LICHI,GULA,NEUTRA,HOJA AGUDA | BOMBA LODO | DESARME | PÚAS TÓXICAS,sprites/s0047_p93.png,,
93,garchomp,,"guide art, matched by eye",37,NINGUNO,LEVITACIÓN,NEUTRA,CABEZAZO ZEN | RAYO CONFUSO | GIRO BOLA | TÓXICO,sprites/s0048_p93.png,,
93,UNKNOWN,,"guide art, matched by eye",36,NINGUNO,FOCO INTERNO,NEUTRA,FINTA | PUÑO HIELO | PATADA BAJA | PUYA NOCIVA,sprites/s0049_p93.png,,
93,wobbuffet,,"guide art, matched by eye",38,CASCO DENTADO,ALQUIMIA VIL,+DEF -ATK. ESP,CABEZAZO ZEN | PUYA NOCIVA | PUÑO SOMBRA | RECUPE- RACIÓN,sprites/s0050_p93.png,,
95,UNKNOWN,,"guide art, matched by eye",37,NINGUNO,MANTO NÍVEO /POD.GÉLIDO,NEUTRA,VAHO GÉLIDO | BOLA SOMBRA | MISMO- DESTINO | PÚAS,sprites/s0051_p95.png,Tiene disponible dos Hiperpociones como objetos curativos.,
95,gardevoir,,"guide art, matched by eye",38,NINGUNO,SINCRONÍA/ RASTRO,-ATK +ATK. ESP,PSICOCARGA | BESO DRENAJE | ENERGIBOLA | PAZ MENTAL,sprites/s0052_p95.png,Tiene disponible dos Hiperpociones como objetos curativos.,
96,sableye,,"guide art, matched by eye",37,NINGUNO,SEBO,NEUTRA,GOLPE CUERPO | CARANTOÑA | TAJO UMBRÍO | SORPRESA,sprites/s0053_p96.png,,
96,delphox-z,,"guide art, matched by eye",39,BAYA ZIDRA,DESPIERTA- LLAMA,-ATK +ATK. ESP,GIGA- DRENADO | PIROTECNIA | DANZA ALETEO | DANZA CAOS,sprites/s0054_p96.png,,
102,cloyster,,"guide art, matched by eye",39,MINERAL EVOLUTIVO,FUNDA,+ATK -ATK. ESP,TRITURAR | GARRA DRAGÓN | CABEZAZO ZEN | DANZA DRAGÓN,sprites/s0055_p102.png,Tiene disponible dos Hiperpociones como objetos curativos.,
102,electivire,,"guide art, matched by eye",39,CUCHARA TORCIDA,SINCRONÍA,-ATK +ATK. ESP,PSÍQUICO | BOLA SOMBRA | ONDA CERTERA | PAZ MENTAL,sprites/s0056_p102.png,Tiene disponible dos Hiperpociones como objetos curativos.,
102,aggron,,"guide art, matched by eye",41,PERISCOPIO,AFORTUNADO,+ATK -ATK. ESP,TAJO UMBRÍO | CARANTOÑA | TIJERA X | FOCO ENERGÍA,sprites/s0057_p102.png,Tiene disponible dos Hiperpociones como objetos curativos.,
105,entei,,"guide art, matched by eye",39,CINTA FUERTE,CUERPO HORNEADO,NEUTRA,CARANTOÑA | PSICO- COLMILLO | ENCANTO | PLANCHA CORPORAL,sprites/s0058_p105.png,Tiene disponible dos Hiperpociones como objetos curativos.,
106,blissey,,"guide art, matched by eye",40,RESTOS,CUERPO HORNEADO,-ATK +DEF,BRILLO MÁGICO | LLAMA EMBRUJADA | RECUPE- RACIÓN | PAZ MENTAL,sprites/s0059_p106.png,,
106,alomomola,,"guide art, matched by eye",39,NINGUNO,GÉLIDO,NEUTRA,RAYO AURORA | FOCO RESPLANDOR | BRILLO MÁGICO | PANTALLA LUZ,sprites/s0060_p106.png,,
106,miltank,,"guide art, matched by eye",41,BAYA ZIDRA,SEBO,+ATK -ATK. ESP,DULCE FESTÍN | GOLPE CUERPO | TERRA- TEMBLOR | PUÑO FUEGO,sprites/s0061_p106.png,,
109,lickitung,,"guide art, matched by eye",39,MINERAL EVOLUTIVO,BABA/ DESPISTE,NEUTRA,PISOTÓN | AVIVAR | CABEZAZO ZEN | LANZA- LLAMAS,sprites/s0062_p109.png,Crítico de cocina Eneldo,
109,garchomp,,"guide art, matched by eye",39,NINGUNO,IGNORANTE/ DESPISTE,NEUTRA,ACUA COLA | CUERPO- PESADO | TERRA- TEMBLOR | CARA SUSTO,sprites/s0063_p109.png,Crítico de cocina Eneldo,
109,snorlax,,"guide art, matched by eye",40,BAYA ATANIA,SEBO/ INMUNIDAD,+ATK -ATK. ESP,GOLPE CUERPO | DEMOLICIÓN | TRITURAR | DESCANSO,sprites/s0064_p109.png,Crítico de cocina Eneldo,
112,cacturne,,"guide art, matched by eye",40,MINERAL EVOLUTIVO,FLORACIÓN,NEUTRA,BRILLO MÁGICO | GIGA- DRENADO | AGUA FRÍA | ENCANTO,sprites/s0065_p112.png,Tiene disponible dos Hiperpociones como objeto curativo.,
112,blissey,,"guide art, matched by eye",40,CASCO DENTADO,SINCRONÍA/ ALERTA,NEUTRA,PSICOCARGA | ENERGIBOLA | RAYO SEÑAL | LUZ LUNAR,sprites/s0066_p112.png,Tiene disponible dos Hiperpociones como objeto curativo.,
112,lillipup,,"guide art, matched by eye",40,PAÑUELO SEDA,ADAPTABLE,+ATK -ATK.ESP,DERRIBO | ENCANTO | MORDISCO | BOLA SOMBRA,sprites/s0067_p112.png,Tiene disponible dos Hiperpociones como objeto curativo.,
113,kadabra,,"guide art, matched by eye",42,BAYA ZIDRA,ESPESURA,+ATK -ATK.ESP,HOJA AFILADA | TRITURAR | EXCAVAR | DRENADORAS,sprites/s0068_p113.png,,
113,simisear,,"guide art, matched by eye",42,BAYA ZIDRA,MAR LLAMAS,+ATK -ATK. ESP,COLMILLO ÍGNEO | PUÑO TRUENO | CABEZAZO ZEN | AFILA- GARRAS,sprites/s0069_p113.png,,
113,machoke,,"guide art, matched by eye",42,BAYA ZIDRA,TORRENTE,-ATK +ATK. ESP,HIDROPULSO | PSICOCARGA | PULSO UMBRÍO | PAZ MENTAL,sprites/s0070_p113.png,,
123,nihilego,,"guide art, matched by eye",43,NINGUNO,ILUSIÓN,NEUTRA,MAQUINA- CIÓN | PULSO UMBRÍO | BOMBA LODO | LANZA- LLAMAS,sprites/s0071_p123.png,,
123,cacturne,,"guide art, matched by eye",43,NINGUNO,ROBUSTEZ/ CABEZAROCA,NEUTRA,AVALANCHA | CONTADOR | MACHADA | MAZAZO,sprites/s0072_p123.png,,
123,UNKNOWN,,"guide art, matched by eye",44,BANDA FOCUS,SUPER- GUARDA,NEUTRA,TIJERA X | SOMBRA VIL | RAYO CONFUSO | DESTELLO,sprites/s0073_p123.png,,
130,UNKNOWN,,"guide art, matched by eye",44,NINGUNO,IMPASIBLE,NEUTRA,ESPADA- SANTA | GOLPE AÉREO | DANZA ESPADA | DESARME,sprites/s0074_p130.png,Espadachín Espino,
130,lucario,,"guide art, matched by eye",44,NINGUNO,FOCO INTERNO,NEUTRA,ESFERA AURAL | FOCO RESPLANDOR | VEL. EXTREMA | PULSO UMBRÍO,sprites/s0075_p130.png,Espadachín Espino,
130,greninja-z,,"guide art, matched by eye",45,NINGUNO,ABS. FUEGO,NEUTRA,GARRA UMBRÍA | ESPADA LAMENTO | DANZA ESPADA | PSICOCORTE,sprites/s0076_p130.png,Espadachín Espino,
139,honchkrow,,"guide art, matched by eye",45,PERISCOPIO,AFORTUNADO,NEUTRA,TAJO UMBRÍO | PICO TALADRO | ONDA ÍGNEA | GOLPE BAJO,sprites/s0077_p139.png,Tiene disponible dos Hiperpociones como objetos curativos.,
139,dragapult,,"guide art, matched by eye",45,GAFAS ESPECIALES,MEGA- DISPARADOR,-ATK +ATK. ESP,DISPARO CERTERO | ESFERA AURAL | PROTECCIÓN | RAYO HIELO,sprites/s0078_p139.png,Tiene disponible dos Hiperpociones como objetos curativos.,
139,kingler,,"guide art, matched by eye",45,BAYA TAMAR,ADAPTABLE,-ATK.ESP +VEL,TERREMOTO | ACUA COLA | AVALANCHA | PROTECCIÓN,sprites/s0079_p139.png,Tiene disponible dos Hiperpociones como objetos curativos.,
140,UNKNOWN,,"guide art, matched by eye",46,BAYA ZIDRA,LIVIANO,+ATK -ATK. ESP,ACRÓBATA | ACUA COLA | CUERPO- PESADO | PROTECCIÓN,sprites/s0080_p140.png,,
146,audino,,"guide art, matched by eye",46,VIDASFERA,TENACIDAD,-ATK +ATK. ESP,VOZARRÓN | BESO DRENAJE | PSICOCARGA | PAZ MENTAL,sprites/s0081_p146.png,Tiene disponible dos Hiperpociones como objetos curativos.,
147,meowscarada,,"guide art, matched by eye",47,LUPA,IMPASIBLE,NEUTRA,PSICOCORTE | DEMOLICIÓN | TAJO UMBRÍO | HIPNOSIS,sprites/s0082_p147.png,,
147,simisear,,"guide art, matched by eye",47,CINTA EXPERTO,HERBÍVORO,NEUTRA,ASTA DRENAJE | TERRATEMBL OR | AVALANCHA | CABEZAZO ZEN,sprites/s0083_p147.png,,
147,serperior,,"guide art, matched by eye",48,BAYA ZIDRA,ESPESURA,+ATK -ATK.ESP,BRAZO PINCHO | TRITURAR | EXCAVAR | DRENADORAS,sprites/s0084_p147.png,Y DE ÚLTIMO POKÉMON EL INICIAL DÉBIL FRENTE A NUESTRO TIPO ELEGIDO.,
147,flareon,,"guide art, matched by eye",48,BAYA ZIDRA,MAR LLAMAS,+ATK -ATK. ESP,PUÑO FUEGO | PUÑO TRUENO | MOFLETE ESTÁTICO | DEMOLICIÓN,sprites/s0085_p147.png,Y DE ÚLTIMO POKÉMON EL INICIAL DÉBIL FRENTE A NUESTRO TIPO ELEGIDO.,
147,machamp,,"guide art, matched by eye",48,BAYA ZIDRA,TORRENTE,-ATK +ATK. ESP,AGUA LODOSA | PSICOCARGA | VIENTO HIELO | PULSO UMBRÍO,sprites/s0086_p147.png,Y DE ÚLTIMO POKÉMON EL INICIAL DÉBIL FRENTE A NUESTRO TIPO ELEGIDO.,
153,UNKNOWN,,"guide art, matched by eye",48,NINGUNO,FRANCO- TIRADOR,NEUTRA,TAJO UMBRÍO | VENENO X | CHUPAVIDAS | DOBLE EQUIPO,sprites/s0087_p153.png,Alquimista Azoth Genos,
153,braviary,,"guide art, matched by eye",49,NINGUNO,MADRUGAR/ ABS. FUEGO,NEUTRA,PULSO UMBRÍO | LANZA- LLAMAS | ALARIDO | BOMBA LODO,sprites/s0088_p153.png,Alquimista Azoth Genos,
153,mienshao,,"guide art, matched by eye",49,LODO NEGRO,ESPANTO,NEUTRA,PAZ MENTAL | PSÍQUICO | BOMBA LODO | LLAMARADA,sprites/s0089_p153.png,Alquimista Azoth Genos,
154,absol,,"guide art, matched by eye",50,BOLALUMINO SA,TOQUE TÓXICO,NEUTRA,PUNZADA TÓXICA | VOLTIO CRUEL | DEMOLICIÓN | SORPRESA,sprites/s0090_p154.png,,
157,skeledirge,,"guide art, matched by eye",51,FLECHA VENENOSA,ENJAMBRE/ TOQ.TÓXICO,NEUTRA,PÚAS TÓXICAS | CHUPAVIDAS | PUYA NOCIVA | SOMBRA VIL,sprites/s0091_p157.png,Tiene disponible dos Hiperpociones como objetos curativos.,
157,bronzong,,"guide art, matched by eye",51,AGUA MÍSTICA,POMPA,+ATK -ATK. ESP,RED VISCOSA | CHUPAVIDAS | TAJO ACUÁTICO | TRITURAR,sprites/s0092_p157.png,Tiene disponible dos Hiperpociones como objetos curativos.,
157,toesdoler,,"guide art, matched by eye",51,BAYA CAOCA,EXPERTO,NEUTRA,RED VISCOSA | CHUPAVIDAS | RECURRENTE | GARRA UMBRÍA,sprites/s0093_p157.png,Tiene disponible dos Hiperpociones como objetos curativos.,
158,electivire,,"guide art, matched by eye",52,BAYA ZIDRA,OJOCOM- PUESTO/ NERVIOSISMO,-ATK +ATK. ESP,RED VISCOSA | ZUMBIDO | CHISPAZO | GIGA- DRENADO,sprites/s0094_p158.png,,
162,milotic,,"guide art, matched by eye",52,GLOBO HELIO,CAPA TÓXICA,NEUTRA,BOMBA LODO | JOYA DE LUZ | TIERRA VIVA | CARGA- TÓXICA,sprites/s0095_p162.png,Tiene disponible dos Hiperpociones como objetos curativos.,
162,gengar,,"guide art, matched by eye",52,GEMA VOL.,FRANCO- TIRADOR,NEUTRA,ACRÓBATA | VENENO X | ONDA ÍGNEA | IDA Y VUELTA,sprites/s0096_p162.png,Tiene disponible dos Hiperpociones como objetos curativos.,
162,dragapult,,"guide art, matched by eye",53,BANDA FOCUS,IMPULSO,+ATK -ATK. ESP,TIJERA X | PUYA NOCIVA | TERRA- TEMBLOR | DANZA ESPADA,sprites/s0097_p162.png,Tiene disponible dos Hiperpociones como objetos curativos.,
163,iron-moth,,"guide art, matched by eye",53,VIDASFERA,CUE. PURO/ LODOLÍQUIDO,NEUTRA,PÚAS TÓXICAS | CARGA TÓXICA | RAYO HIELO | HIDROBOMBA,sprites/s0098_p163.png,,
163,garchomp,,"guide art, matched by eye",54,BAYA ZIDRA,AMOR FILIAL,-ATK.ESP +VEL,COLMILLO VENENO | GARRA DRAGÓN | TRITURAR | COLMILLO HIELO,sprites/s0099_p163.png,,
171,UNKNOWN,,"guide art, matched by eye",54,ROCA DEL REY,NERVIOSISMO,+ATK -ATK. ESP,SORPRESA | PLUMERAZO | MORDISCO | IDA Y VUELTA,sprites/s0100_p171.png,Malhechor Plumanegra,
171,UNKNOWN,,"guide art, matched by eye",54,NINGUNO,INTRÉPIDO,NEUTRA,GOLPE CUERPO | TERRA- TEMBLOR | SORPRESA | TRITURAR,sprites/s0101_p171.png,Malhechor Plumanegra,
171,honchkrow,,"guide art, matched by eye",55,PERISCOPIO,AFORTUNADO,NEUTRA,PICO TALADRO | GOLPE BAJO | ONDA ÍGNEA | TAJO UMBRÍO,sprites/s0102_p171.png,Malhechor Plumanegra,
174,hydreigon,,"guide art, matched by eye",54,NINGUNO,FLORACIÓN,NEUTRA,FUERZA LUNAR | GIGA- DRENADO | PSÍQUICO | ENCANTO,sprites/s0103_p174.png,Tiene disponible dos Hiperpociones como objeto curativo.,
174,blissey,,"guide art, matched by eye",54,CASCO DENTADO,SINCRONÍA/ ALERTA,NEUTRA,PSICOCARGA | PAZ MENTAL | RAYO SEÑAL | LUZ LUNAR,sprites/s0104_p174.png,Tiene disponible dos Hiperpociones como objeto curativo.,
175,milotic,,"guide art, matched by eye",54,AGUA MÍSTICA,ABSORBER AGUA,-ATK +ATK.ESP,HIDROBOMBA | RAYO AURORA | ARMADURA ÁCIDA | BOLA SOMBRA,sprites/s0105_p175.png,,
175,jolteon,,"guide art, matched by eye",54,IMÁN,ABSORBER ELEC.,-ATK +ATK. ESP,RAYO | VOLTIO- CAMBIO | RAYO SEÑAL | BOLA SOMBRA,sprites/s0106_p175.png,,
175,flareon,,"guide art, matched by eye",54,CARBÓN,AGALLAS,+ATK -ATK. ESP,PATADA ÍGNEA | COLA FÉRREA | FUERZA | FUEGO FATUO,sprites/s0107_p175.png,,
175,serperior,,"guide art, matched by eye",55,BAYA ZIDRA,ESPESURA,+ATK -ATK.ESP,BRAZO PINCHO | TRITURAR | EXCAVAR | DRENADORAS,sprites/s0108_p175.png,Y DE ÚLTIMO POKÉMON EL INICIAL FUERTE FRENTE A NUESTRO TIPO ELEGIDO.,
175,flareon,,"guide art, matched by eye",55,BAYA ZIDRA,MAR LLAMAS,+ATK -ATK. ESP,PUÑO FUEGO | PUÑO TRUENO | CABEZAZO ZEN | AFILA- GARRAS,sprites/s0109_p175.png,Y DE ÚLTIMO POKÉMON EL INICIAL FUERTE FRENTE A NUESTRO TIPO ELEGIDO.,
176,machamp,,"guide art, matched by eye",55,BAYA ZIDRA,TORRENTE,-ATK +ATK. ESP,AGUA LODOSA | PSICOCARGA | PULSO UMBRÍO | PAZ MENTAL,sprites/s0110_p176.png,,
184,frillish,,"guide art, matched by eye",55,BAYA CAOCA,MANTO NÍVEO /POD.GÉLIDO,NEUTRA,RAYO HIELO | BOLA SOMBRA | MISMO- DESTINO | PÚAS,sprites/s0111_p184.png,Tiene disponible dos Pociones Máximas como objetos curativos.,
184,gardevoir,,"guide art, matched by eye",56,CUCHARA TORCIDA,SINCRONÍA/ RASTRO,NEUTRA,PSICOCARGA | FUERZA LUNAR | ENERGIBOLA | PAZ MENTAL,sprites/s0112_p184.png,Tiene disponible dos Pociones Máximas como objetos curativos.,
184,sableye,,"guide art, matched by eye",56,CINTA FUERTE,SEBO,+ATK -ATK. ESP,GOLPE | CARANTOÑA | TAJO UMBRÍO | SORPRESA,sprites/s0113_p184.png,Tiene disponible dos Pociones Máximas como objetos curativos.,
185,UNKNOWN,,"guide art, matched by eye",56,GEMA VOLADORA,INTRÉPIDO,+ATK -ATK. ESP,PATADA SALTO ALTA | CARANTOÑA | DOBLE FILO | ACRÓBATA,sprites/s0114_p185.png,,
185,delphox-z,,"guide art, matched by eye",57,BAYA ZIDRA,DESPIERTA- LLAMA,-ATK +ATK. ESP,GIGA- DRENADO | PIROTECNIA | DANZA ALETEO | DANZA CAOS,sprites/s0115_p185.png,,
187,turtonator,,"guide art, matched by eye",57,HIERBA BLANCA,CAPARAZÓN,-ATK +DEF,HUMAREDA | COMETA DRACO | FOCO RESPLANDOR | FUEGO FATUO,sprites/s0116_p187.png,Alto Caballero Tileo,
187,sylveon,,"guide art, matched by eye",57,CHALECO ASALTO,PIEL FEÉRICA,-ATK +ATK. ESP,VOZARRÓN | PSICOCARGA | BOLA SOMBRA | FUEGO EMBRUJADO,sprites/s0117_p187.png,Alto Caballero Tileo,
188,toxapex,,"guide art, matched by eye",57,BANDA FOCUS,ENCADENADO,+ATK -ATK. ESP,CARÁMBANO | PEDRADA | CLAVO CAÑÓN | ROMPE- CORAZA,sprites/s0118_p188.png,,
188,bastiodon,,"guide art, matched by eye",58,CASCO DENTADO,ROBUSTEZ,-ATK. ESP +DEF. ESP,TÓXICO | REP. METAL | GIRO BOLA | AVALANCHA,sprites/s0119_p188.png,,
189,UNKNOWN,,"guide art, matched by eye",57,TOXISFERA,BRUTALIDAD,+ATK -ATK. ESP,IMAGEN | DANZA ESPADA | DESARME | A BOCAJARRO,sprites/s0120_p189.png,,
189,gliscor,,"guide art, matched by eye",57,PERISCOPIO,FRANCO- TIRADOR,+VEL -ATK. ESP,TAJO UMBRÍO | VENENO X | TIJERA X | DANZA ESPADA,sprites/s0121_p189.png,,
189,electivire,,"guide art, matched by eye",57,GAFAS ESPECIALES,MURO MÁGICO,+VEL -ATK,PSICOCARGA | ENERGIBOLA | ONDA CERTERA | BOLA SOMBRA,sprites/s0122_p189.png,,
189,sceptile,,"guide art, matched by eye",58,VIDASFERA,ROMPE- MOLDES,+ATK -ATK. ESP,GARRA DRAGÓN | PUYA NOCIVA | TERREMOTO | DANZA DRAGÓN,sprites/s0123_p189.png,,
190,reshiram,,"guide art, matched by eye",57,BAYA ZIDRA,DICHA,-ATK +DEF,FUERZA LUNAR | TAJO AÉREO | ESFERA AURAL | RESPIRO,sprites/s0124_p190.png,Alta Dama Drácena,
190,corviknight,,"guide art, matched by eye",57,TOXISFERA,ANTÍDOTO,+DEF -ATK. ESP,TERREMOTO | ALA BIS | TIJERA X | DANZA ESPADA,sprites/s0125_p190.png,Alta Dama Drácena,
191,aegislash,,"guide art, matched by eye",57,RESTOS,CUERPO PURO,+DEF -ATK. ESP,SALAZÓN | RECUPE- RACIÓN | CABEZA DE HIERRO | PLANCHA CORPORAL,sprites/s0126_p191.png,,
191,snorlax,,"guide art, matched by eye",58,BAYA ATANIA,INMUNIDAD,-ATK. ESP +DEF. ESP,GOLPE CUERPO | TRITURAR | MACHADA | DESCANSO,sprites/s0127_p191.png,,
192,zoroark,,"guide art, matched by eye",57,BANDA FOCUS,ILUSIÓN,-ATK +VEL,PULSO UMBRÍO | RAYO CONFUSO | LANZA- LLAMAS | MAQUINACIÓ N,sprites/s0128_p192.png,,
192,blissey,,"guide art, matched by eye",57,RESTOS,IGNORANTE,-ATK +DEF,FUERZA LUNAR | REDUCCIÓN | LLAMARADA | RAYO HIELO,sprites/s0129_p192.png,,
192,ninetales,,"guide art, matched by eye",57,CARBÓN,CÓLERA,-ATK +VEL,BOLA SOMBRA | RAYO CONFUSO | LANZA- LLAMAS | PAZ MENTAL,sprites/s0130_p192.png,,
192,gengar,,"guide art, matched by eye",58,VIDASFERA,CUERPO MALDITO,-ATK +ATK. ESP,RAYO | BOLA SOMBRA | BOMBA LODO | ONDA CERTERA,sprites/s0131_p192.png,,
194,machamp,,"guide art, matched by eye",50,NINGUNO,AUTOESTIMA,NEUTRA,CARA SUSTO | SAÑA | HIDROBOMBA | MORDISCO,sprites/s0132_p194.png,Rey Áster Zephir,
194,alakazam,,"guide art, matched by eye",50,NINGUNO,REALEZA,NEUTRA,VOZARRÓN | ENCANTO | BOLA SOMBRA | AVIVAR,sprites/s0133_p194.png,Rey Áster Zephir,
194,venusaur,,"guide art, matched by eye",51,NINGUNO,FLORACIÓN,NEUTRA,BESO DRENAJE | MEGA- AGOTAR | DESEO | AGUA FRÍA,sprites/s0134_p194.png,Rey Áster Zephir,
196,metagross,,"guide art, matched by eye",58,CINTA FUERTE,PUÑO FÉRREO,+ATK -ATK. ESP,PUÑO SOMBRA | TERREMOTO | MACHADA | PUÑO HIELO,sprites/s0135_p196.png,Tiene disponible dos Restaurar Todo como objetos curativos.,
196,machamp,,"guide art, matched by eye",58,NUDILLO PÚAS,INTIMIDACIÓN,NEUTRA,ACUA COLA | COLMILLO HIELO | BOTE | TRITURAR,sprites/s0136_p196.png,Tiene disponible dos Restaurar Todo como objetos curativos.,
197,bouffalant,,"guide art, matched by eye",59,HIERBA BLANCA,COMBUS- TIBLE,-ATK +ATK. ESP,SOFOCO | BOMBA LODO | AMNESIA | FUEGO FATUO,sprites/s0137_p197.png,,
197,alakazam,,"guide art, matched by eye",59,GAFAS ESPECIALES,REALEZA,NEUTRA,VOZARRÓN | AVIVAR | ONDA CERTERA | BOLA SOMBRA,sprites/s0138_p197.png,,
197,yveltal,,"guide art, matched by eye",59,RESTOS,MURO MÁGICO,-ATK +VEL,PSICOCARGA | TAJO AÉREO | MASA CÓSMICA | REFLEJO,sprites/s0139_p197.png,,
197,kyogre,,"guide art, matched by eye",60,FLORGESITA,VOZ FLUIDA,-ATK +ATK. ESP,VOZARRÓN | FUERZA LUNAR | GIGA- DRENADO | PSÍQUICO,sprites/s0140_p197.png,,
203,volcarona,,"guide art, matched by eye",58,NINGUNO,ESPANTO,NEUTRA,BOLA SOMBRA | SOMBRA VIL | PULSO UMBRÍO | FUEGO FATUO,sprites/s0141_p203.png,Entrenadora Prodigiosa Cintia,
203,UNKNOWN,,"guide art, matched by eye",58,NINGUNO,P. TÓXICO /CURA NATU.,NEUTRA,GIGA- DRENADO | SOMNÍFERO | BOMBA LODO | PARANORMAL,sprites/s0142_p203.png,Entrenadora Prodigiosa Cintia,
203,lucario,,"guide art, matched by eye",59,NINGUNO,IMPASIBLE/ F.INTERNO,NEUTRA,ONDA VACÍO | FOCO RESPLANDOR | ESFERA AURAL | PAZ MENTAL,sprites/s0143_p203.png,Entrenadora Prodigiosa Cintia,
203,reshiram,,"guide art, matched by eye",59,NINGUNO,DICHA,NEUTRA,TAJO AÉREO | BRILLO MÁGICO | LANZA- LLAMAS | ONDA TRUENO,sprites/s0144_p203.png,Entrenadora Prodigiosa Cintia,
203,hydreigon,,"guide art, matched by eye",60,VIDASFERA,VELO ARENA,NEUTRA,GARRA DRAGÓN | TERREMOTO | CABEZA DE HIERRO | ROCA AFILADA,sprites/s0145_p203.png,Entrenadora Prodigiosa Cintia,
208,gible,,"guide art, matched by eye",51,NINGUNO,CUERPO PURO,NEUTRA,PUÑO BALA | AGILIDAD | PSÍQUICO | DERRIBO,sprites/s0146_p208.png,Prisionero Loco Ferrofaz,
208,mr-mime,,"guide art, matched by eye",52,NINGUNO,ENJAMBRE,NEUTRA,PICADURA | CUERNO CERTERO | DESARME | DESCANSO,sprites/s0147_p208.png,Prisionero Loco Ferrofaz,
209,bastiodon,,"guide art, matched by eye",52,NINGUNO,ROBUSTEZ,NEUTRA,CABEZA DE HIERRO | DERRIBO | PEDRADA | CARA SUSTO,sprites/s0148_p209.png,,
209,empoleon,,"guide art, matched by eye",53,NINGUNO,TORRENTE,NEUTRA,DISPARO ESPEJO | VIENTO HIELO | PICO TALADRO | DEFENSA FÉRREA,sprites/s0149_p209.png,,
211,victini,,"guide art, matched by eye",56,NINGUNO,ILUMINACIÓN/ VISTA LINCE,NEUTRA,HIPER COLMILLO | HIPNOSIS | RAYO CONFUSO | TRITURAR,sprites/s0150_p211.png,Alcaide Pinot,
211,hydreigon,,"guide art, matched by eye",57,NINGUNO,RESPONDÓN,NEUTRA,A BOCAJARRO | PSICOCORTE | DESARME | HIPNOSIS,sprites/s0151_p211.png,Alcaide Pinot,
211,chandelure,,"guide art, matched by eye",57,NINGUNO,BROMISTA,NEUTRA,BRILLO MÁGICO | RAYO CONFUSO | FOCO RESPLANDOR | ONDA TRUENO,sprites/s0152_p211.png,Alcaide Pinot,
212,dondozo,,"guide art, matched by eye",58,NINGUNO,FRANCOTIRA./ VENTOSAS,NEUTRA,HIDROBOMBA | SEMILLA- DORA | RAYO HIELO | LANZA- LLAMAS,sprites/s0153_p212.png,,
229,kadabra,,"guide art, matched by eye",65,TELESCOPIO,MAL SUEÑO,-ATK +DEF. ESP,HIPNOSIS | PSÍQUICO | COMESUEÑOS | BOLA SOMBRA,sprites/s0154_p229.png,Tiene disponible un Restaurar Todo como objeto curativo.,
229,dragapult,,"guide art, matched by eye",65,TELESCOPIO,RESPONDÓN,NEUTRA,HIPNOSIS | TAJO UMBRÍO | PSICOCORTE | FUERZA BRUTA,sprites/s0155_p229.png,Tiene disponible un Restaurar Todo como objeto curativo.,
229,blissey,,"guide art, matched by eye",65,TELESCOPIO,MAL SUEÑO,-ATK +DEF,HIPNOSIS | FUERZA LUNAR | PSICOCARGA | PAZ MENTAL,sprites/s0156_p229.png,Tiene disponible un Restaurar Todo como objeto curativo.,
230,honchkrow,,"guide art, matched by eye",66,VIDASFERA,MAL SUEÑO,NEUTRA,HIPNOSIS | PULSO UMBRÍO | PSICOCARGA | MAQUINA- CIÓN,sprites/s0157_p230.png,,
232,xerneas,,"guide art, matched by eye",66,VIDASFERA,CROMOLENTE 123,-ATK +VEL,PSÍQUICO | TAJO AÉREO | ONDA ÍGNEA | HIPNOSIS,sprites/s0158_p232.png,Tiene disponible dos Restaurar Todo como objetos curativos.,
233,UNKNOWN,,"guide art, matched by eye",66,CHALECO ASALTO,LEVITACIÓN,NEUTRA,TIERRA VIVA | RAYO HIELO | LÁSER DOBLE | HIERBA LAZO,sprites/s0159_p233.png,,
233,starmie,,"guide art, matched by eye",66,GAFAS ESPECIALES,CURA NATU./ ILUMINACIÓN,-ATK +ATK. ESP,HIDROBOMBA | PSICOCARGA | RAYO HIELO | PAZ MENTAL,sprites/s0160_p233.png,,
233,milotic,,"guide art, matched by eye",66,MALAMARITA,FUERZA NEURONAL,-ATK +VEL,PSICOCORTE | A BOCAJARRO | DESARME | HIPNOSIS,sprites/s0161_p233.png,,
233,gothitelle,,"guide art, matched by eye",67,RESTOS,GRAN PESADILLA,-ATK +ATK. ESP,HIPNOSIS | PULSO NOCHE | BRILLO MÁGICO | PSÍQUICO,sprites/s0162_p233.png,,
242,volcarona,,"guide art, matched by eye",70,CASCO DENTADO,ESPANTO,-ATK +ATK. ESP,BOLA | PULSO | FUEGO FATUO | MAQUINA-,sprites/s0163_p242.png,Fantasma de Montesanto,
243,rayquaza,,"guide art, matched by eye",70,AGUA MÍSTICA,AUDAZ/ ADAPTABLE,+ATK -ATK. ESP,BRANQUI- BOCADO | CABEZAZO ZEN | GOLPE FANTASMA | AQUA JET,sprites/s0164_p243.png,,
243,cobalion,,"guide art, matched by eye",71,BAYA ZIDRA,CUERPO ÁUREO,-ATK +VEL,FIEBRE DORADA | BOLA SOMBRA | RAYO | MAQUINA- CIÓN,sprites/s0165_p243.png,,
244,honchkrow,,"guide art, matched by eye",70,NINGUNO,AFORTUNADO /FUGA,+ATK -ATK. ESP,PÁJARO OSADO | ONDA ÍGNEA | GOLPE BAJO | TAJO UMBRÍO,sprites/s0166_p244.png,Papa Loto,
244,wobbuffet,,"guide art, matched by eye",70,HECHIZO,ABS. AGUA/ CUERPO MAL.,-ATK +ATK. ESP,HIDROBOMBA | BOLA SOMBRA | FUEGO FATUO | RECUPE- RACIÓN,sprites/s0167_p244.png,Papa Loto,
244,beheeyem,,"guide art, matched by eye",71,BAYA ZIDRA,LIVIANO,+ATK -ATK. ESP,ACRÓBATA | ACUA COLA | CUERPO PESADO | PROTECCIÓN,sprites/s0168_p244.png,Papa Loto,
245,lunala,,"guide art, matched by eye",71,NINGUNO,CUERPO LLAMA,NEUTRA,LLAMARADA | ENERGIBOLA | BOLA SOMBRA | NIEBLACLARA,sprites/s0169_p245.png,,
249,UNKNOWN,,"guide art, matched by eye",70,GAFAS ESPECIALES,CAPARAZÓN,NEUTRA,LANZA- LLAMAS | PULSO DRAGÓN | DÍA SOLEADO | DEFENSA FÉRREA,sprites/s0170_p249.png,Obreros Mariano y Luciano:,
250,tsareena,,"guide art, matched by eye",70,BANDA FOCUS,ILUMINACIÓN/ EFECTO ESP.,NEUTRA,RAYO SOLAR | FUERZA LUNAR | GIGADRE- NADO | ESPORA,sprites/s0171_p250.png,,
250,slowpoke,,"guide art, matched by eye",70,CASCO DENTADO,ANTICIPACIÓN,NEUTRA,BRILLO MÁGICO | PSICOCARGA | LLAMA EMBRUJADA | PROTECCIÓN,sprites/s0172_p250.png,,
250,UNKNOWN,,"guide art, matched by eye",70,CHALECO ASALTO,ESPESURA,NEUTRA,MACHADA | MAZAZO | PUÑO FUEGO | DESARME,sprites/s0173_p250.png,,
254,suicune,,"guide art, matched by eye",70,GALLADITA,ACOMETIDA,+ATK -ATK. ESP,PSICOCORTE | HOJA AGUDA | ESPADA- SANTA | DANZA ESPADA,sprites/s0174_p254.png,Tiene disponible dos Restaurar Todo como objetos curativos.,
255,audino,,"guide art, matched by eye",70,VIDASFERA,TENACIDAD,-ATK +ATK. ESP,VOZARRÓN | FUERZA LUNAR | PSICOCARGA | MAQUINA- CIÓN,sprites/s0175_p255.png,,
255,simisear,,"guide art, matched by eye",70,CINTURÓN EXPERTO,PIEL HERBÁCEA,NEUTRA,DOBLE FILO | AVALANCHA | TERREMOTO | CABEZAZO ZEN,sprites/s0176_p255.png,,
255,ninetales,,"guide art, matched by eye",70,CHALECO ASALTO,HERBÍVORO,-ATK +ATK. ESP,PULSO DRAGÓN | AGUA LODOSA | FOCO RESPLANDOR | RAYO HIELO,sprites/s0177_p255.png,,
255,serperior,,"guide art, matched by eye",71,BAYA ZIDRA,ESPESURA,+ATK -ATK.ESP,DISPARO ESPINA | TRITURAR | TALADRA- DORA | CORPU- LENCIA,sprites/s0178_p255.png,Y DE ÚLTIMO POKÉMON EL INICIAL DÉBIL FRENTE A NUESTRO TIPO ELEGIDO.,
255,flareon,,"guide art, matched by eye",71,BAYA ZIDRA,MAR LLAMAS,+ATK -ATK. ESP,SABLE ARDIENTE | ELECTRO- PUNZADA | DANZA ESPADA | ESPADA- SANTA,sprites/s0179_p255.png,Y DE ÚLTIMO POKÉMON EL INICIAL DÉBIL FRENTE A NUESTRO TIPO ELEGIDO.,
256,machamp,,"guide art, matched by eye",71,BAYA ZIDRA,TORRENTE,-ATK +ATK. ESP,HIDROBOMBA | TRUCO HUEVO | RAYO HIELO | PAZ MENTAL,sprites/s0180_p256.png,,
259,gholdengo,,"guide art, matched by eye",70,ROCA CALOR,SEQUÍA,-ATK +VEL,LANZA- LLAMAS | PSICOCARGA | RAYO SOLAR | FUEGO FATUO,sprites/s0181_p259.png,,
259,zarude,,"guide art, matched by eye",71,SCOVILLAINIT A,RESPONDÓN,NEUTRA,SOFOCO | LLUEVEHOJA S | COLMILLO RAYO | TRITURAR,sprites/s0182_p259.png,,
259,ogerpon,,"guide art, matched by eye",71,VIDASFERA,RIVALIDAD,NEUTRA,LLAMARADA | PULSO UMBRÍO | DÍA SOLEADO | MAQUINA- CIÓN,sprites/s0183_p259.png,,
259,arcanine,,"guide art, matched by eye",71,CHALECO ASALTO,AUDAZ,+ATK -ATK. ESP,ENVITE ÍGNEO | TALADRA- DORA | MEGA- CUERNO | VOLTIO CRUEL,sprites/s0184_p259.png,,
259,lampent,,"guide art, matched by eye",72,BAYA ZIDRA,ESPANTO,-ATK +ATK. ESP,LANZA- LLAMAS | MALDIG- NICIÓN | PAZ MENTAL | PSICOCARGA,sprites/s0185_p259.png,,
274,mamoswine,,"guide art, matched by eye",73,BAYA PASIO,SEBO,-ATK. ESP +VEL,TERREMOTO | ROCA AFILADA | CHUZOS | TRAMPA ROCAS,sprites/s0186_p274.png,,
274,garchomp,,"guide art, matched by eye",72,BAYA TAMAR,CABEZA ROCA,NEUTRA,ACUA COLA | TESTARAZO | TERREMOTO | CABEZAZO ZEN,sprites/s0187_p274.png,,
274,xerneas,,"guide art, matched by eye",72,RESTOS,MURO MÁGICO,-ATK +VEL,PSICOCARGA | TAJO AÉREO | MASA CÓSMICA | REFLEJO,sprites/s0188_p274.png,,
274,UNKNOWN,,"guide art, matched by eye",74,GOLURKITA,PUÑO FÉRREO,+ATK -ATK. ESP,PUÑO SOMBRA | TERREMOTO | MACHADA | PUÑO HIELO,sprites/s0189_p274.png,,
274,UNKNOWN,,"guide art, matched by eye",73,HIERBA BLANCA,COMBUSTIBL E,-ATK +ATK.ESP,SOFOCO | BOMBA LODO | TIERRA VIVA | FUEGO FATUO,sprites/s0190_p274.png,,
275,UNKNOWN,,"guide art, matched by eye",75,CHALECO ASALTO,PUÑO FÉRREO,+ATK -ATK. ESP,PUÑO METEORO | PUÑO HIELO | TERREMOTO | PUÑO TRUENO,sprites/s0191_p275.png,,
278,noivern,,"guide art, matched by eye",73,FLOETTITA,REALEZA,-ATK +ATK. ESP,FUERZA LUNAR | GIGA- DRENADO | PSÍQUICO | ENCANTO,sprites/s0192_p278.png,Tiene disponible dos Restaurar Todo como objetos curativos.,
278,blissey,,"guide art, matched by eye",73,CASCO DENTADO,SINCRONÍA,NEUTRA,PSICOCARGA | PAZ MENTAL | RAYO SEÑAL | LUZ LUNAR,sprites/s0193_p278.png,Tiene disponible dos Restaurar Todo como objetos curativos.,
278,lucario,,"guide art, matched by eye",73,BANDA FOCUS,ADAPTABLE,NEUTRA,ESFERA AURAL | FOCO RESPLANDOR | ONDA VACÍO | PAZ MENTAL,sprites/s0194_p278.png,Tiene disponible dos Restaurar Todo como objetos curativos.,
278,milotic,,"guide art, matched by eye",73,AGUA MÍSTICA,ABSORBER AGUA,-ATK +ATK.ESP,HIDROBOMBA | RAYO AURORA | ARMADURA ÁCIDA | BOLA SOMBRA,sprites/s0195_p278.png,●​ Tendrá a Flareon si tiene a Chesnaught.,
279,jolteon,,"guide art, matched by eye",73,IMÁN,ABSORBER ELEC.,-ATK +ATK. ESP,RAYO | VOLTIO- CAMBIO | RAYO SEÑAL | BOLA SOMBRA,sprites/s0196_p279.png,,
279,simisear,,"guide art, matched by eye",73,CARBÓN,ABSORBER FUEGO,+ATK -ATK. ESP,PATADA ÍGNEA | COLA FÉRREA | FUERZA | FUEGO FATUO,sprites/s0197_p279.png,,
279,serperior,,"guide art, matched by eye",75,BAYA ZIDRA,ESPESURA,+ATK -ATK.ESP,BRAZO PINCHO | TRITURAR | EXCAVAR | DRENADORAS,sprites/s0198_p279.png,Y DE ÚLTIMO POKÉMON EL INICIAL FUERTE FRENTE A NUESTRO TIPO ELEGIDO.,
279,flareon,,"guide art, matched by eye",75,BAYA ZIDRA,MAR LLAMAS,+ATK -ATK. ESP,PUÑO FUEGO | PUÑO TRUENO | CABEZAZO ZEN | AFILA- GARRAS,sprites/s0199_p279.png,Y DE ÚLTIMO POKÉMON EL INICIAL FUERTE FRENTE A NUESTRO TIPO ELEGIDO.,
279,machamp,,"guide art, matched by eye",75,BAYA ZIDRA,TORRENTE,-ATK +ATK. ESP,AGUA LODOSA | PSICOCARGA | PULSO UMBRÍO | PAZ MENTAL,sprites/s0200_p279.png,Y DE ÚLTIMO POKÉMON EL INICIAL FUERTE FRENTE A NUESTRO TIPO ELEGIDO.,
289,decidueye,,"guide art, matched by eye",76,VIDASFERA,MURO MÁGICO,-ATK +VEL,PSICOCARGA | ONDA ÍGNEA | TAJO AÉREO | PAZ MENTAL,sprites/s0201_p289.png,Guardián de la Forja:,
289,UNKNOWN,,"guide art, matched by eye",76,REFLELUZ,LEVITACIÓN,NEUTRA,TERREMOTO | LÁSER DOBLE | REFLEJO | PANTALLA LUZ,sprites/s0202_p289.png,Guardián de la Forja:,
289,zapdos,,"guide art, matched by eye",77,MINERAL EVOLUTIVO,LEVITACIÓN,+ATK -ATK. ESP,AVALANCHA | ENVITE ÍGNEO | CABEZAZO ZEN | PROTECCIÓN,sprites/s0203_p289.png,Guardián de la Forja:,
289,lunala,,"guide art, matched by eye",77,MINERAL EVOLUTIVO,LEVITACIÓN,-ATK +ATK. ESP,PSÍQUICO | HIPNOSIS | JOYA DE LUZ | PROTECCIÓN,sprites/s0204_p289.png,Guardián de la Forja:,
292,glimmora,,"guide art, matched by eye",77,RESTOS,CHORRO ARENA,+DEF -ATK. ESP,PLANCHA CORPORAL | ROCA AFILADA | TRAMPA ROCAS | TERREMOTO,sprites/s0205_p292.png,Tiene disponible dos Restaurar Todo como objetos curativos.,
292,toxapex,,"guide art, matched by eye",77,HIERBA BLANCA,NADO RÁPIDO,-ATK +VEL,SURF | JOYA DE LUZ | RAYO HIELO | ROMPE- CORAZA,sprites/s0206_p292.png,Tiene disponible dos Restaurar Todo como objetos curativos.,
293,hydreigon,,"guide art, matched by eye",77,BANDA FOCUS,CABEZA ROCA,+ATK -ATK. ESP,ENVITE ÍGNEO | TESTARAZO | VOLTIO CRUEL | VELOCIDAD EXTREMA,sprites/s0207_p293.png,,
293,UNKNOWN,,"guide art, matched by eye",77,DIANCITA,ESPEJO MÁGICO,NEUTRA,FUERZA LUNAR | TORMENTA DIAMANTES | TIERRA VIVA | TRAMPA ROCAS,sprites/s0208_p293.png,,
293,UNKNOWN,,"guide art, matched by eye",78,BAYA PASIO,LEVITACIÓN,NEUTRA,ECLIPSE | PSICOCARGA | PAZ MENTAL | BOLA SOMBRA,sprites/s0209_p293.png,,
298,rayquaza,,"guide art, matched by eye",79,TELESCOPIO,EXPERTO/ RITMOPROPIO,-ATK +DEF,BRECHA NEGRA | ESPORA | POLVO IRA | -,sprites/s0210_p298.png,Pintora Ginia:,
298,rayquaza,,"guide art, matched by eye",79,LUPA,EXPERTO/ RITMOPROPIO,-ATK. ESP +DEF. ESP,FIJAR BLANCO | FRÍO POLAR | - | -,sprites/s0211_p298.png,Pintora Ginia:,
298,rayquaza,,"guide art, matched by eye",79,BANDA FOCUS,EXPERTO/ RITMOPROPIO,+DEF -ATK. ESP,CONTRA- ATAQUE | MANTO ESPEJO | MISMO- DESTINO | -,sprites/s0212_p298.png,Pintora Ginia:,
298,rayquaza,,"guide art, matched by eye",79,PAÑUELO SEDA,EXPERTO/ RITMOPROPIO,NEUTRA,,sprites/s0213_p298.png,Pintora Ginia:,
301,skarmory,,"guide art, matched by eye",78,GLOBO HELIO,AUDAZ,NEUTRA,VOLTIO CRUEL | PATADA ÍGNEA | CUERNO CERTERO | ARREMETIDA,sprites/s0214_p301.png,Profesora Olivier,
301,venomoth,,"guide art, matched by eye",78,LODO LÍQUIDO,CROMOLENTE,-ATK +ATK. ESP,ZUMBIDO | PSÍQUICO | GIGA- DRENADO | DANZA ALETEO,sprites/s0215_p301.png,Profesora Olivier,
301,noivern,,"guide art, matched by eye",78,VIDASFERA,SURCA- VIENTOS,-ATK +VEL,PULSO DRAGÓN | TAJO AÉREO | BOLA SOMBRA | ONDA ÍGNEA,sprites/s0216_p301.png,Profesora Olivier,
302,persian,,"guide art, matched by eye",79,RESTOS,COLECTOR,NEUTRA,HIDROBOMBA | TIERRA VIVA | TÓXICO | RAYO HIELO,sprites/s0217_p302.png,,
302,machamp,,"guide art, matched by eye",79,BAYA GUALOT,INTIMIDACIÓN,NEUTRA,ACUA COLA | TRITURAR | COLMILLO HIELO | DANZA DRAGÓN,sprites/s0218_p302.png,,
302,delphox-z,,"guide art, matched by eye",80,PYROARITA,POTENCIA BRUTA,-ATK +ATK. ESP,AVIVAR | VOZARRÓN | PULSO UMBRÍO | LLAMARADA,sprites/s0219_p302.png,,
315,lapras,,"guide art, matched by eye",80,BANDA FOCUS,NEVADA,+ATK.ESP -ATK.,LIOFILIZACIÓ N | JOYA DE LUZ | VENTISCA | VELO AURORA,sprites/s0220_p315.png,,
315,empoleon,,"guide art, matched by eye",80,CASCABEL CONCHA,TENACIDAD,-ATK +DEF,HIDROBOMBA | FOCO RESPLANDOR | RAYO HIELO | RESPIRO,sprites/s0221_p315.png,,
315,hydreigon,,"guide art, matched by eye",81,VIDASFERA,FUERZA MENTAL,-ATK. ESP +VEL,PUÑO HIELO | TRITURAR | PATADA BAJA | DANZA ESPADA,sprites/s0222_p315.png,,
315,garchomp,,"guide art, matched by eye",81,BAXCALIBURI TA,TERMOCONVE RSIÓN,NEUTRA,GARRA DRAGÓN | MARTILLO HIELO | TRITURAR | TERREMOTO,sprites/s0223_p315.png,,
315,arceus,,"guide art, matched by eye",81,CHALECO ASALTO,AUTOESTIMA,NEUTRA,ALUD | FUERZA EQUINA | A BOCAJARRO | CABEZAZO ZEN,sprites/s0224_p315.png,,
316,blaziken,,"guide art, matched by eye",82,BAYA ZIDRA,VOZ VALQUIRIA,-ATK +ATK. ESP,VOZARRÓN | FUERZA LUNAR | PSÍQUICO | BESO AMOROSO,sprites/s0225_p316.png,,
319,starmie,,"guide art, matched by eye",80,,ILUMINACIÓN,,SURF | PSÍQUICO | RAYO HIELO | RAYO,sprites/s0226_p319.png,Entrenadora Alca Caduca,
319,yveltal,,"guide art, matched by eye",81,CHALECO ASALTO,ADAPTABLE,+ATK -ATK. ESP,BOMBA LODO | PULSO DRAGÓN | HIDROBOMBA | RAYO HIELO,sprites/s0227_p319.png,Entrenadora Alca Caduca,
319,lunala,,"guide art, matched by eye",81,CARBÓN,CUERPO LLAMA,NEUTRA,LLAMARADA | ENERGIBOLA | BOLA SOMBRA | NIEBLACLARA,sprites/s0228_p319.png,Entrenadora Alca Caduca,
320,hydreigon,,"guide art, matched by eye",81,,LEVITACIÓN,NEUTRA,PULSO UMBRÍO | MAQUINA- CIÓN | LLAMARADA | COMETA DRACO,sprites/s0229_p320.png,,
320,rayquaza,,"guide art, matched by eye",82,BAYA ZIDRA,BROMISTA/CA CHEO,+ATK -ATK. ESP,CHOQUE ANÍMICO | IRREVE- RENCIA | PUÑO TRUENO | PUÑO DRENAJE,sprites/s0230_p320.png,,
322,blastoise,,"guide art, matched by eye",82,VIDASFERA,POTENCIA BRUTA,-ATK +ATK. ESP,BOMBA LODO | RAYO | RAYO HIELO | TIERRA VIVA,sprites/s0231_p322.png,,
322,miltank,,"guide art, matched by eye",82,CHALECO ASALTO,PELUCHE,+ATK -ATK. ESP,MACHADA | RETRIBUCIÓN | GARRA UMBRÍA | CABEZA HIERRO,sprites/s0232_p322.png,,
322,aggron,,"guide art, matched by eye",82,GLOBO HELIO,ROMPE- MOLDES,-ATK. ESP +VEL,TALADRA- DORA | CABEZA HIERRO | AVALANCHA | DANZA ESPADA,sprites/s0233_p322.png,,
322,alakazam,,"guide art, matched by eye",83,GAFAS ESPECIALES,REALEZA,-ATK +ATK. ESP,VOZARRÓN | ENERGIBOLA | BOLA SOMBRA | BOMBA LODO,sprites/s0234_p322.png,,
322,UNKNOWN,,"guide art, matched by eye",83,NUDILLO PÚAS,CABEZA ROCA/ARMAD URA BATALLA,-ATK. ESP +VEL,FERROESPAD A | TERREMOTO | PUÑO FUEGO | ROCA AFILADA,sprites/s0235_p322.png,,
323,braviary,,"guide art, matched by eye",84,BAYA DILLO,BRUTALIDAD,+ATK -ATK. ESP,GARRA UMBRÍA | CUCHILLADA | A BOCAJARRO | DANZA ESPADA,sprites/s0236_p323.png,,
326,virizion,,"guide art, matched by eye",83,MINERAL EVOLUTIVO,EXPERTO,+ATK -ATK. ESP,VIENTO AFIN | GOLPE AEREO | IDA Y VUELTA | DANZA ESPADA,sprites/s0237_p326.png,Veterano Urano:,
327,garganacl,,"guide art, matched by eye",83,CHALECO ASALTO,RETIRADA,+ATK -ATK. ESP,ESCARAMUZA | TAJO ACUÁTICO | ROCA AFILADA | TALADRADOR A,sprites/s0238_p327.png,,
327,azumarill,,"guide art, matched by eye",83,LLAMASFERA,AGALLAS,+ATK -ATK. ESP,A BOCAJARRO | IDA Y VUELTA | ROCA AFILADA | MEGACUERN O,sprites/s0239_p327.png,,
327,vikavolt,,"guide art, matched by eye",84,VIDASFERA,IMPULSO,-ATK +ATK. ESP,ZUMBIDO | TAJO AÉREO | GIGADRENAD O | BOLA SOMBRA,sprites/s0240_p327.png,,
327,UNKNOWN,,"guide art, matched by eye",85,PINSIRITA,PIEL CELESTE,-ATK. ESP +VEL,RETRIBUCIÓN | MEGACUERN O | ATAQUE RÁPIDO | DANZA ESPADA,sprites/s0241_p327.png,,
335,zygarde,,"guide art, matched by eye",88,BANDA AGUANTE,OJO COMPUESTO,-ATK +VEL,RED VISCOSA | TRUENO | ENERGIBOLA | ZUMBIDO,sprites/s0242_p335.png,Arrayan tiene dos Full Restore,
335,flygon,,"guide art, matched by eye",88,VIDASFERA,IMPULSO,-ATK +ATK. ESP,ZUMBIDO | TAJO AÉREO | GIGADRENAD O | BOLA SOMBRA,sprites/s0243_p335.png,Arrayan tiene dos Full Restore,
336,toxapex,,"guide art, matched by eye",89,SCOLIPEDITA,IMPULSO,-ATK. ESP +ATK,PUYA NOCIVA | MEGACUERN O | TERREMOTO | DANZA ESPADA,sprites/s0244_p336.png,,
336,UNKNOWN,,"guide art, matched by eye",89,RESTOS,ENJAMBRE,-ATK +ATK. ESP,ONDA ÍGNEA | ZUMBIDO | GIGADRENAD O | DANZA ALETEO,sprites/s0245_p336.png,,
336,garganacl,,"guide art, matched by eye",89,SEGURO DEBILIDAD,ROBUSTEZ,-ATK. ESP +ATK,ROMPECORAZ A | TIJERA X | ROCA AFILADA | TERREMOTO,sprites/s0246_p336.png,,
336,salamence,,"guide art, matched by eye",90,CHALECO ASALTO,COLEÓPTERO,-ATK +ATK. ESP,VOZARRÓN | TIERRA VIVA | PULSO DRAGÓN | LLAMARADA,sprites/s0247_p336.png,,
338,mienshao,,"guide art, matched by eye",88,GEMA VOLADORA,AUDAZ,+VEL​ -ATK. ESP,PATADA SALTO ALTA | ACRÓBATA | ROCA AFILADA | DANZA ESPADA,sprites/s0248_p338.png,Lysson tiene 2 Restaurar Máximos,
339,honchkrow,,"guide art, matched by eye",88,PERISCOPIO,AFORTUNADO,-ATK +ATK. ESP,PÁJARO OSADO | TAJO UMBRÍO | GOLPE BAJO | ONDA ÍGNEA,sprites/s0249_p339.png,,
339,UNKNOWN,,"guide art, matched by eye",89,GLOBO HELIO,AUDAZ,-ATK. ESP +ATK,PLACAJE ELÉCTRICO | PATADA ÍGNEA | CARANTOÑA | CUERNO CERTERO,sprites/s0250_p339.png,,
339,delphox-z,,"guide art, matched by eye",89,BANDA FOCUS,INTIMIDACIÓN,-ATK. ESP +ATK,ONDA ÍGNEA | VOZARRÓN | PULSO UMBRÍO | AVIVAR,sprites/s0251_p339.png,,
339,garchomp,,"guide art, matched by eye",90,GYARADOSITA,ROMPEMOLD ES,-ATK. ESP +ATK,ACUA COLA | TRITURAR | COLMILLO HIELO | DANZA DRAGÓN,sprites/s0252_p339.png,,
345,talonflame,,"guide art, matched by eye",86,NINGUNO,CUERPO LLAMA,NEUTRA,IDA Y VUELTA | ACRÓBATA | ENVITE ÍGNEO | VIENTO AFÍN,sprites/s0253_p345.png,,
345,raikou,,"guide art, matched by eye",86,NINGUNO,PUÑO FÉRREO,NEUTRA,PUÑO TRUENO | A BOCAJARRO | PUÑO FUEGO | PUÑO HIELO,sprites/s0254_p345.png,,
345,azumarill,,"guide art, matched by eye",87,CINTA FUERTE,CABEZA ROCA,+ATK -ATK.ESP,HUESOMERAN G | PUÑO FUEGO | AVALANCHA | HUESO SOMBRÍO,sprites/s0255_p345.png,,
351,blaziken,,"guide art, matched by eye",88,VIDASFERA,INTIMIDACIÓN,+VEL -ATK. ESP,DESARME | TERREMOTO | ROCA AFILADA | CABEZAHIER RO,sprites/s0256_p351.png,Tiene 2 Restaurar Todo,
351,klefki,,"guide art, matched by eye",88,CHALECO ASALTO,TOQUE TÓXICO,+ATK -ATK. ESP,LANZAMUGRE | DESARME | PUÑO FUEGO | PUÑO HIELO,sprites/s0257_p351.png,Tiene 2 Restaurar Todo,
352,bouffalant,,"guide art, matched by eye",88,RESTOS,FUNDA,+DEF -ATK,JUEGO SUCIO | TÓXICO | RESPIRO | ONDA ÍGNEA,sprites/s0258_p352.png,,
352,volcarona,,"guide art, matched by eye",89,TARJETA ROJA,ESPANTO,-ATK +ATK. ESP,PULSO UMBRÍO | BOLA SOMBRA | MAQUINACIÓ N | RAYO CONFUSO,sprites/s0259_p352.png,,
352,umbreon,,"guide art, matched by eye",89,DARKRAINITA,MAL SUEÑO,+VEL -ATK,PULSO UMBRÍO | RAYO HIELO | RAYO | MAQUINACIÓ N,sprites/s0260_p352.png,,
352,hydreigon,,"guide art, matched by eye",90,BAYA ZIDRA,MULTIESCAM A,-ATK +ATK. ESP,HIDROBOMBA | PULSO UMBRÍO | CORAZÓN ROTO | PAZ MENTAL,sprites/s0261_p352.png,,
354,ampharos,,"guide art, matched by eye",88,REFLELUZ,ELECTRICIDA D ESTÁTICA,-ATK +ATK. ESP,RAYO | JOYA DE LUZ | PULSO DRAGÓN | PANTALLA LUZ,sprites/s0262_p354.png,Tiene dos Restaurar Todo,
355,milotic,,"guide art, matched by eye",88,RESTOS,COMPETITIVO,-ATK +ATK. ESP,HIDROBOMBA | RAYO HIELO | COLA DRAGÓN | RECUPERACI ÓN,sprites/s0263_p355.png,,
355,gardevoir,,"guide art, matched by eye",89,VIDASFERA,ABSORBE FUEGO,-ATK +ATK. ESP,BOLA SOMBRA | LLAMARADA | PSÍQUICO | GIGADRENAD O,sprites/s0264_p355.png,,
355,machamp,,"guide art, matched by eye",89,BOLA FÉRREA,IGNÍFUGO,-ATK +ATK. ESP,GIRO BOLA | CABEZAZO ZEN | TERREMOTO | ESPACIO RARO,sprites/s0265_p355.png,,
355,metagross,,"guide art, matched by eye",90,FLORGESITA,VOZ FLUÍDA,-ATK +ATK. ESP,VOZARRÓN | FUERZA LUNAR | GIGADRENAD O | PSÍQUICO,sprites/s0266_p355.png,,
363,salamence,,"guide art, matched by eye",75,BAYA ZIUELA,INTIMIDACIÓN,NEUTRA,ENFADO | LANZALLAMA S | ALA BIS | DANZA DRAGÓN,sprites/s0267_p363.png,Clérigo Mirra,
363,electivire,,"guide art, matched by eye",75,CUCHARA TORCIDA,MURO MÁGICO,NEUTRA,PSÍQUICO | BOLA SOMBRA | ONDA CERTERA | PAZ MENTAL,sprites/s0268_p363.png,Clérigo Mirra,
363,UNKNOWN,,"guide art, matched by eye",76,PERISCOPIO,AFORTUNADO,+ATK -ATK. ESP,TAJO UMBRÍO | CARANTOÑA | DANZA ESPADA | FOCO ENERGÍA,sprites/s0269_p363.png,Clérigo Mirra,
364,chandelure,,"guide art, matched by eye",88,PERISCOPIO,LEVITACIÓN,NEUTRA,GUILLOTINA | TRITURAR | VOLTIO CRUEL | ONDA TRUENO,sprites/s0270_p364.png,Tiene dos restaurar todo.,
365,hatterene,,"guide art, matched by eye",88,RESTOS,COMPETITIVO,+ATK.ESP -ATK,HIDROBOMBA | PULSO DRAGÓN | VIENTO HIELO | ATRACCIÓN,sprites/s0271_p365.png,,
365,raikou,,"guide art, matched by eye",89,CHALECO ASALTO,PRESIÓN,NEUTRA,RAYO | ESFERA AURAL | BOLA SOMBRA | ESCALDAR,sprites/s0272_p365.png,,
365,electivire,,"guide art, matched by eye",89,VIDASFERA,MURO MÁGICO,+ATK. ESP -ATK,PSÍQUICO | BOLA SOMBRA | ONDA CERTERA | PAZ MENTAL,sprites/s0273_p365.png,,
365,salamence,,"guide art, matched by eye",89,BAYA ZIUELA,INTIMIDACIÓN,+ATK -ATK. ESP,ENFADO | LANZALLAMA S | ALA BIS | DANZA DRAGÓN,sprites/s0274_p365.png,,
365,UNKNOWN,,"guide art, matched by eye",90,ABSOLITA Z,PRESIÓN,+ATK -ATK. ESP,TAJO UMBRÍO | CARANTOÑA | DANZA ESPADA | FOCO ENERGÍA,sprites/s0275_p365.png,,
375,aggron,,"guide art, matched by eye",94,CINTA FOCUS,CABEZA ROCA,+ATK -ATK. ESP,TESTARAZO | CABEZA DE HIERRO | TRAMPA ROCAS | ACUA COLA,sprites/s0276_p375.png,,
375,gigalith,,"guide art, matched by eye",94,GEMA LUCHA,ANTIBALAS,+ATK -ATK. ESP,A BOCAJARRO | ENFADO | COLA FÉRREA | DANZA DRAGÓN,sprites/s0277_p375.png,,
375,scizor,,"guide art, matched by eye",94,BAYA CAOCA,EXPERTO,+ATK -ATK. ESP,PICADURA | PUÑO BALA | FUERZA BRUTA | DANZA ESPADA,sprites/s0278_p375.png,,
375,noivern,,"guide art, matched by eye",94,CORVIKNIGHT ITA,AUDAZ,+DEF -ATK. ESP,PICO TALADRO | CABEZA DE HIERRO | RESPIRO | CORPULENCI A,sprites/s0279_p375.png,,
375,UNKNOWN,,"guide art, matched by eye",94,VIDASFERA,MULTIESCAM A,+ATK -ATK. ESP,ALA BIS | VELOCIDAD EXTREMA | TERREMOTO | DANZA DRAGÓN,sprites/s0280_p375.png,,
376,xerneas,,"guide art, matched by eye",95,CHALECO ASALTO,FIRMEZA,-ATK +ATK. ESP,CAÑÓN RESPLANDOR | RAYO | ESFERA AURAL | PULSO DRAGÓN,sprites/s0281_p376.png,,
378,greninja-z,,"guide art, matched by eye",99,VIDASFERA,POTENCIA BRUTA,+ATK -ATK.ESP,GARRA DRAGÓN | TRITURAR | PUÑO FUEGO | PUÑO TRUENO,sprites/s0282_p378.png,Campanero Rosmarino,
379,feraligatr,,"guide art, matched by eye",98,RESTOS,IGNÍFUGO,+ATK -ATK.ESP,GIRO BOLA | CABEZAZO ZEN | TERREMOTO | MALDICIÓN,sprites/s0283_p379.png,,
379,arceus,,"guide art, matched by eye",98,GEMA VOLADORA,FLAQUEZA,+VEL -ATK.ESP,ACRÓBATA | TERREMOTO | ROCA AFILADA | IDA Y VUELTA,sprites/s0284_p379.png,,
379,latios,,"guide art, matched by eye",98,BAYA ZIDRA,LEVITACIÓN,+VEL -ATK.ESP,PULSO DRAGÓN | PSICOCARGA | BOLA SOMBRA | PAZ MENTAL,sprites/s0285_p379.png,,
379,magnezone,,"guide art, matched by eye",99,CHALECO ASALTO,PUÑO FÉRREO,+ATK -ATK.ESP,MARTILLO HIELO | MACHADA | DESARME | LANZA MUGRE,sprites/s0286_p379.png,,
379,ho-oh,,"guide art, matched by eye",100,ENTEITA,SEQUÍA,+ATK -ATK.ESP,FUEGO SAGRADO | ROCA AFILADA | CABEZAHIER RO | VELOCIDAD EXTREMA,sprites/s0287_p379.png,,
381,hydreigon,,"guide art, matched by eye",98,LUPA,PIEL SECA,+VEL -ATK. ESP,GOLPE BAJO | PUÑO HIELO | TAJO CRUZADO | LANZA MUGRE,sprites/s0288_p381.png,,
381,greninja-z,,"guide art, matched by eye",98,LUCARIONITA Z,MEGADISPAR ADOR,+VEL -ATK,FOCO RESPLANDOR | ESFERA AURAL | PSÍQUICO | MAQUINACIÓ N,sprites/s0289_p381.png,,
381,mr-mime,,"guide art, matched by eye",98,PAÑUELO ELEGIDO,ENERGÍA PURA,+ATK -ATK. ESP,PATADA SALTO ALTA | CABEZAZO ZEN | PUÑO HIELO | PUÑO FUEGO,sprites/s0290_p381.png,,
381,gigalith,,"guide art, matched by eye",99,CHALECO ASALTO,ANTIBALAS,+ATK -ATK. ESP,FUERZA BRUTA | COMETA DRACO | GARRA UMBRÍA | TERREMOTO,sprites/s0291_p381.png,,
381,annihilape,,"guide art, matched by eye",99,VIDASFERA,ESPÍRITU VITAL,+ATK -ATK. ESP,TERREMOTO | PUÑO DRENAJE | CORPULENCI A | PUÑO SOMBRA,sprites/s0292_p381.png,,
382,hydreigon,,"guide art, matched by eye",100,ESPADA VALIENTE,ENTUSIASMO,+ATK.ESP -ATK. ESP,ESPADA SEDOSA | ESPADA SANTA | TAJO UMBRÍO | HOJA AGUDA,sprites/s0293_p382.png,,
383,bronzong,,"guide art, matched by eye",98,CHANDELURIT A,CUERPO LLAMA,+ATK.ESP -ATK,BOLA SOMBRA | PSÍQUICO | ENERGIBOLA | LANZALLAMA S,sprites/s0294_p383.png,,
383,metagross,,"guide art, matched by eye",98,VIDASFERA,ABSORBE FUEGO,+ATK -ATK. ESP,GARRA UMBRÍA | ESPADA LAMENTO | SOMBRA VIL | DANZA ESPADA,sprites/s0295_p383.png,,
383,hydreigon,,"guide art, matched by eye",98,CHALECO ASALTO,LEVITACIÓN,+VEL -ATK,BOLA SOMBRA | BRILLO MÁGICO | JOYA DE LUZ | RAYO,sprites/s0296_p383.png,,
383,UNKNOWN,,"guide art, matched by eye",99,HIERBA BLANCA,CUERPO PURO,+VEL -ATK,COMETA DRACO | BOLA SOMBRA | LANZALLAMA S | TRUENO,sprites/s0297_p383.png,,
383,pikachu-z,,"guide art, matched by eye",99,NUDILLO PÚAS,DISFRAZ,+VEL -ATK.ESP,GARRA UMBRÍA | CARANTOÑA | SOMBRA VIL | DANZA ESPADA,sprites/s0298_p383.png,,
384,bastiodon,,"guide art, matched by eye",100,BAYA ZIDRA,PUNTA ACERO,+ATK -ATK.ESP,GARRA UMBRÍA | FERROPRISIÓ N | DIVIDE DOLOR | FUEGO FATUO,sprites/s0299_p384.png,,
385,UNKNOWN,,"guide art, matched by eye",98,BAYA ACARDO,DINAMO,+DEF -ATK,AGUA LODOSA | ONDA TRUENO | CAMPO ELÉCTRICO | CARGA PARÁBOLA,sprites/s0300_p385.png,,
385,UNKNOWN,Porygon2 Z,guide art + Gemini second opinion (unverified),98,SUPER MINERAL EVOLUTIVO,DESCARGA,+ATK.ESP -ATL,CARGAGRESI ÓN | PSICOCARGA | RECUPERACI ÓN | TRIATAQUE,sprites/s0301_p385.png,,Inferred from Download/Trace + Tri Attack
385,magnezone,,"guide art, matched by eye",98,GLOBO HELIO,ROBUSTEZ,+ATK.ESP -ATK,RAYO | CAÑÓN RESPLANDOR | RAYO SEÑAL | PANTALLA LUZ,sprites/s0302_p385.png,,
385,UNKNOWN,,"guide art, matched by eye",99,MINERAL EVOLUTIVO,DESCARGA,+VEL -ATK.ESP,CARGAGRESI ÓN | BOLA SOMBRA | RAYO SEÑAL | RAYO HIELO,sprites/s0303_p385.png,,
386,nihilego,,"guide art, matched by eye",99,EELEKTROSSI TA,LEVITACIÓN,+VEL -ATK.ESP,ELECTROPICO | PUÑO DRENAJE | ACUA COLA | ENROSQUE,sprites/s0304_p386.png,,
386,meditite,,"guide art, matched by eye",100,VIDASFERA,DESCARGA,+VEL -ATK,CARGAGRESI ÓN | HUMAREDA | MAQUINACIÓ N | TRIATAQUE,sprites/s0305_p386.png,,
387,chandelure,,"guide art, matched by eye",98,TARJETA ROJA,BROMISTA,+ATK. ESP -ATK,PÚAS | BRILLO MÁGICO | CAÑÓN RESPLANDOR | JUEGO SUCIO,sprites/s0306_p387.png,,
387,arcanine,,"guide art, matched by eye",98,CHALECO ASALTO,CUERPO HORNEADO,+ATK -ATK. ESP,CARANTOÑA | PSICOCOLMIL LO | ENCANTO | PLANCHA CORPORAL,sprites/s0307_p387.png,,
387,blissey,,"guide art, matched by eye",98,CLEFABLITA,ESPEJO MÁGICO,+ATK. ESP -ATK,FUERZA LUNAR | LLAMARADA | RAYO HIELO | TAJO AÉREO,sprites/s0308_p387.png,,
387,blissey,,"guide art, matched by eye",99,RESTOS,CUERPO HORNEADO,+DEF -ATK,BRILLO MÁGICO | LLAMA EMBRUJADA | RECUPERACI ÓN | PAZ MENTAL,sprites/s0309_p387.png,,
387,alomomola,,"guide art, matched by eye",99,VIDASFERA,GÉLIDO,+ATK. ESP -ATK,RAYO HIELO | CAÑÓN RESPLANDOR | BRILLO MÁGICO | PANTALLA DE LUZ,sprites/s0310_p387.png,,
388,miltank,,"guide art, matched by eye",100,CORAZA ASALTO,GULA,-ATK +ATK. ESP,DULCE FESTÍN | PLANCHA CORPORAL | TERREMOTO | PUÑO FUEGO,sprites/s0311_p388.png,,
389,serperior,,"guide art, matched by eye",98,ROCA LLUVIA,LLOVIZNA,+ATK.ESP -ATK,PSÍQUICO | ESCALDAR | RAYO HIELO | DANZA LLUVIA,sprites/s0312_p389.png,,
389,garchomp,,"guide art, matched by eye",98,GYARADOSITA,ROMPEMOLD ES,+ATK -ATK.ESP,ACUA COLA | TERREMOTO | TRITURAR | DANZA DRAGÓN,sprites/s0313_p389.png,,
389,honchkrow,,"guide art, matched by eye",98,PERISCOPIO,AFORTUNADO,+ATK -ATK.ESP,TAJO UMBRÍO | PICO TALADRO | ONDA ÍGNEA | GOLPE BAJO,sprites/s0314_p389.png,,
389,kingler,,"guide art, matched by eye",99,BAYA TAMAR,ADAPTABLE,+VEL -ATK.ESP,TERREMOTO | ACUA COLA | AVALANCHA | AMNESIA,sprites/s0315_p389.png,,
389,dragapult,,"guide art, matched by eye",99,CAÑÓN DE MANO,MEGADISPAR ADOR,+ATK.ESP -ATK,DISPARO CERTERO | ESFERA AURAL | PULSO UMBRÍO | RAYO HIELO,sprites/s0316_p389.png,,
390,beheeyem,,"guide art, matched by eye",100,GEMA VOLADORA,LIVIANO,+ATK -ATK.ESP,ACRÓBATA | ACUA COLA | TERREMOTO | CUERPO PESADO,sprites/s0317_p390.png,,
390,lunala,,"guide art, matched by eye",98,GLIMMORITA,LEVITACIÓN,+DEF -ATK,BOMBA LODO | JOYA DE LUZ | TIERRA VIVA | TRAMPA ROCAS,sprites/s0318_p390.png,Regente Belladona,
391,crobat,,"guide art, matched by eye",98,GEMA VOLADORA,FRANCOTIRA DOR,+ATK -ATK.ESP,ACRÓBATA | VENENO X | ONDA ÍGNEA | IDA Y VUELTA,sprites/s0319_p391.png,,
391,hydreigon,,"guide art, matched by eye",99,BANDA FOCUS,IMPULSO,+ATK -ATK.ESP,TIJERA X | PUYA NOCIVA | TERRATEMBL OR | DANZA ESPADA,sprites/s0320_p391.png,,
391,UNKNOWN,,"guide art, matched by eye",99,VIDASFERA,CUERPO PURO,+VEL -ATK,PÚAS TÓXICAS | CARGA TÓXICA | RAYO HIELO | HIDROBOMBA,sprites/s0321_p391.png,,
391,hydreigon,,"guide art, matched by eye",99,NUDILLO PÚAS,TOQUE TÓXICO,+ATK -ATK.ESP,A BOCAJARRO | GARRA NOCIVA | DESARME | DANZA ESPADA,sprites/s0322_p391.png,,
391,garchomp,,"guide art, matched by eye",100,BAYA ZIDRA,AMOR FILIAL,+VEL -ATK.ESP,COLMILLO VENENO | GARRA DRAGÓN | TRITURAR | COLMILLO HIELO,sprites/s0323_p391.png,,
392,xerneas,,"guide art, matched by eye",98,VIDASFERA,CROMOLENTE,+VEL -ATK,PSÍQUICO | TAJO AÉREO | ONDA ÍGNEA | HIPNOSIS,sprites/s0324_p392.png,Regente Hibis,
393,ameonguss,,"guide art, matched by eye",98,CORAZA ASALTO,LEVITACIÓN,+ATK.ESP -ATK,TIERRA VIVA | RAYO HIELO | LASER DOBLE | HIERBA LAZO,sprites/s0325_p393.png,,
393,glimmora,,"guide art, matched by eye",98,CHALECO ASALTO,CUERPO PURO,+ATK -ATK.ESP,CABEZAHIER RO | CABEZAZO ZEN | PUÑO TRUENO | TERREMOTO,sprites/s0326_p393.png,,
393,starmie,,"guide art, matched by eye",99,GAFAS ESPECIALES,ILUMINACIÓN/ CURA NATURAL,+ATK.ESP -ATK,HIDROBOMBA | PSICOCARGA | RAYO HIELO | PAZ MENTAL,sprites/s0327_p393.png,,
393,milotic,,"guide art, matched by eye",99,MALAMARITA,FUERZA CEREBRAL,+VEL -ATK.ESP,PSICOCORTE | DESARME | A BOCAJARRO | HIPNOSIS,sprites/s0328_p393.png,,
393,gothitelle,,"guide art, matched by eye",100,RESTOS,GRAN PESADILLA,+ATK.ESP -ATK,HIPNOSIS | BRILLO MÁGICO | PSÍQUICO | PULSO NOCHE,sprites/s0329_p393.png,,
394,gholdengo,,"guide art, matched by eye",98,ROCA CALOR,SEQUÍA,+VEL -ATK,LANZALLAMA S | PSICOCARGA | RAYO SOLAR | FUEGO FATUO,sprites/s0330_p394.png,Regente Anturia,
394,zarude,,"guide art, matched by eye",99,SCOVILLAINIT A,RESPONDÓN,NEUTRA,SOFOCO | LLUEVEHOJA S | COLMILLO RAYO | TRITURAR,sprites/s0331_p394.png,Regente Anturia,
395,UNKNOWN,,"guide art, matched by eye",98,ROCA CALOR,SEQUÍA,+ATK.ESP -ATK,HUMAREDA | BOMBA LODO | BOSTEZO | TIERRA VIVA,sprites/s0332_p395.png,,
395,braviary,,"guide art, matched by eye",99,GAFAS ESPECIALES,ESPANTO,+VEL -ATK,LLAMARADA | PULSO UMBRÍO | BOMBA LODO | MAQUINACIÓ N,sprites/s0333_p395.png,,
395,arcanine,,"guide art, matched by eye",99,CHALECO ASALTO,AUDAZ,+ATK -ATK.ESP,ENVITE ÍGNEO | TALADRADOR A | MEGACUERN O | VOLTIO CRUEL,sprites/s0334_p395.png,,
395,lampent,,"guide art, matched by eye",100,BAYA ZIDRA,CUERPO LLAMA,+ATK.ESP -ATK,LANZALLAMA S | MALDIGNICIÓ N | PAZ MENTAL | PSICOCARGA,sprites/s0335_p395.png,,
396,glimmora,,"guide art, matched by eye",98,RESTOS,CHORRO ARENA,+DEF -ATK.ESP,PLANCHA CORPORAL | ROCA AFILADA | TRAMPA ROCAS | TERREMOTO,sprites/s0336_p396.png,Regente Rúpico,
396,UNKNOWN,,"guide art, matched by eye",98,HIERBA BLANCA,NADO RÁPIDO,+VEL -ATK,SURF | JOYA DE LUZ | RAYO HIELO | ROMPECORAZ A,sprites/s0337_p396.png,Regente Rúpico,
397,reshiram,,"guide art, matched by eye",98,GEMA ROCA,CABEZA ROCA,+ATK -ATK.ESP,TESTARAZO | TERREMOTO | GARRA DRAGÓN | TRITURAR,sprites/s0338_p397.png,,
397,hydreigon,,"guide art, matched by eye",99,BANDA FOCUS,CABEZA ROCA,+ATK -ATK.ESP,ENVITE ÍGNEO | TESTARAZO | VOLTIO CRUEL | VELOCIDAD EXTREMA,sprites/s0339_p397.png,,
397,hatterene,,"guide art, matched by eye",99,DIANCITA,MURO MÁGICO,+ATK.ESP -ATK,FUERZA LUNAR | TORMENTA DE DIAMANTES | TIERRA VIVA | TRAMPA ROCAS,sprites/s0340_p397.png,,
397,regieleki,,"guide art, matched by eye",100,BAYA PASIO,LEVITACIÓN,+ATK.ESP -ATK,ECLIPSE | PSICOCARGA | PAZ MENTAL | BOLA SOMBRA,sprites/s0341_p397.png,,
398,lapras,,"guide art, matched by eye",98,BANDA FOCUS,NEVADA,+ATK.ESP -ATK,LIOFILIZACIÓ N | JOYA DE LUZ | VENTISCA | VELO AURORA,sprites/s0342_p398.png,Regente Cendera,
398,empoleon,,"guide art, matched by eye",98,CAMPANA CONCHA,TENACIDAD,+DEF -ATK,HIDROBOMBA | FOCO RESPLANDOR | RAYO HIELO | RESPIRO,sprites/s0343_p398.png,Regente Cendera,
398,hydreigon,,"guide art, matched by eye",98,VIDASFERA,FOCO INTERNO,+VEL -ATK.ESP,PUÑO HIELO | TRITURAR | PATADA BAJA | DANZA ESPADA,sprites/s0344_p398.png,Regente Cendera,
399,garchomp,,"guide art, matched by eye",99,BAXCALIBURI TA,TERMOCONVE RSIÓN,+ATK -ATK.ESP,GARRA DRAGÓN | MARTILLO HIELO | TRITURAR | TERREMOTO,sprites/s0345_p399.png,,
399,arceus,,"guide art, matched by eye",99,CHALECO ASALTO,AUTOESTIMA,+ATK -ATK.ESP,ALUD | FUERZA EQUINA | A BOCAJARRO | CABEZAZO ZEN,sprites/s0346_p399.png,,
399,urshifu,,"guide art, matched by eye",100,BAYA ZIDRA,VOZ VALQUIRIA,+ATK.ESP -ATK,VOZARRÓN | FUERZA LUNAR | PSÍQUICO | BESO AMOROSO,sprites/s0347_p399.png,,
399,zoroark,,"guide art, matched by eye",98,VIDASFERA,INTIMIDACIÓN,+VEL -ATK. ESP,DESARME | TERREMOTO | ROCA AFILADA | CABEZAHIER RO,sprites/s0348_p399.png,Regente Siempreviva,
400,klefki,,"guide art, matched by eye",98,CHALECO ASALTO,TOQUE TÓXICO,+ATK -ATK. ESP,LANZAMUGRE | DESARME | PUÑO FUEGO | PUÑO HIELO,sprites/s0349_p400.png,,
400,bouffalant,,"guide art, matched by eye",98,RESTOS,FUNDA,+DEF -ATK,JUEGO SUCIO | TÓXICO | RESPIRO | ONDA ÍGNEA,sprites/s0350_p400.png,,
400,volcarona,,"guide art, matched by eye",99,TARJETA ROJA,ESPANTO,-ATK +ATK. ESP,PULSO UMBRÍO | BOLA SOMBRA | MAQUINACIÓ N | RAYO CONFUSO,sprites/s0351_p400.png,,
400,umbreon,,"guide art, matched by eye",99,DARKRAINITA,MAL SUEÑO,+VEL -ATK,PULSO UMBRÍO | RAYO HIELO | RAYO | MAQUINACIÓ N,sprites/s0352_p400.png,,
400,hydreigon,,"guide art, matched by eye",100,BAYA ZIDRA,MULTIESCAM A,-ATK +ATK. ESP,HIDROBOMBA | PULSO UMBRÍO | CORAZÓN ROTO | PAZ MENTAL,sprites/s0353_p400.png,,
402,electivire,,"guide art, matched by eye",98,BANDA AGUANTE,OJO COMPUESTO,-ATK +VEL,RED VISCOSA | TRUENO | ENERGIBOLA | ZUMBIDO,sprites/s0354_p402.png,Arrayan tiene dos Full Restore,
402,flygon,,"guide art, matched by eye",98,VIDASFERA,IMPULSO,-ATK +ATK. ESP,ZUMBIDO | TAJO AÉREO | GIGADRENAD O | BOLA SOMBRA,sprites/s0355_p402.png,Arrayan tiene dos Full Restore,
403,toxapex,,"guide art, matched by eye",98,SCOLIPEDITA,IMPULSO,-ATK. ESP +ATK,PUYA NOCIVA | MEGACUERN O | TERREMOTO | DANZA ESPADA,sprites/s0356_p403.png,,
403,volcarona,,"guide art, matched by eye",99,RESTOS,ENJAMBRE,-ATK +ATK. ESP,ONDA ÍGNEA | ZUMBIDO | GIGADRENAD O | DANZA ALETEO,sprites/s0357_p403.png,,
403,garganacl,,"guide art, matched by eye",99,SEGURO DEBILIDAD,ROBUSTEZ,-ATK. ESP +ATK,ROMPECORAZ A | TIJERA X | ROCA AFILADA | TERREMOTO,sprites/s0358_p403.png,,
403,salamence,,"guide art, matched by eye",100,CHALECO ASALTO,COLEÓPTERO,-ATK +ATK. ESP,VOZARRÓN | TIERRA VIVA | PULSO DRAGÓN | LLAMARADA,sprites/s0359_p403.png,,
413,UNKNOWN,,"guide art, matched by eye",97,BAYA RIMOYA,INTIMIDACIÓN,+ATK -ATK. ESP,TRAMPA ROCAS | TERREMOTO | AVALANCHA | IDA Y VUELTA,sprites/s0360_p413.png,Tiene dos restaurar todo,
414,blastoise,,"guide art, matched by eye",98,VIDASFERA,POTENCIA BRUTA,ATK +ATK. ESP,ONDA TÓXICA | RAYO | RAYO HIELO | TIERRA VIVA,sprites/s0361_p414.png,,
414,bouffalant,,"guide art, matched by eye",98,CHALECO ASALTO,AGALLAS,+ATK -ATK. ESP,TERREMOTO | PLANCHA CORPORAL | GARRA UMBRÍA | CARANTOÑA,sprites/s0362_p414.png,,
414,UNKNOWN,,"guide art, matched by eye",99,GARCHOMPIT A,PODER ARENA,+VEL -ATK. ESP,TERREMOTO | GARRA DRAGÓN | CABEZA DE HIERRO | DANZA ESPADA,sprites/s0363_p414.png,,
414,torterra,,"guide art, matched by eye",99,BAYA RIMOYA,ESPESURA,+ATK -ATK. ESP,TERREMOTO | MAZAZO | ROCA AFILADA | ROMPECORAZ A,sprites/s0364_p414.png,,
414,metagross,,"guide art, matched by eye",100,HUESO GRUESO,POTENCIA BRUTA,+ATK -ATK. ESP,FERROESPAD A | TERREMOTO | PUÑO FUEGO | ROCA AFILADA,sprites/s0365_p414.png,,
416,bellossom,,"guide art, matched by eye",97,CHALECO ASALTO,HERBOGÉNES IS,-ATK +ATK. ESP,FULGOR SEMILLA/FOG ONAZO | LLAMARADA | TIERRA VIVA | GIGADRENAD O,sprites/s0366_p416.png,Tiene dos restaurar todo,
417,roserade,,"guide art, matched by eye",99,CINTURÓN DE EXPERTO,ESPESURA,+VEL -ATK. ESP,TRUCO FLORAL | DESARME | IDA Y VUELTA | CARANTOÑA,sprites/s0367_p417.png,,
417,UNKNOWN,,"guide art, matched by eye",98,VIDASFERA,HERBOGÉNES IS,-ATK +ATK. ESP,CLOROFILÁSE R | RAYO | RAYO SEÑAL | RAYO CARGA,sprites/s0368_p417.png,,
417,cacturne,,"guide art, matched by eye",98,CASCABEL CONCHA,RITMO PROPIO,+VEL -ATK,ESCALDAR | GIGADRENAD O | RAYO HIELO | DANZA CAOS,sprites/s0369_p417.png,,
417,sawsbuck,,"guide art, matched by eye",99,SCEPTILITA,SILVANO,-ATK +ATK. ESP,HOJA AGUDA | GARRA DRAGÓN | TERREMOTO | DANZA ESPADA,sprites/s0370_p417.png,,
417,machamp,,"guide art, matched by eye",100,CORAZA ASALTO,HERBOGÉNES IS,+ATK -ATK. ESP,MAZAZO | ROCA AFILADA | PLANCHA CORPORAL | MACHADA,sprites/s0371_p417.png,,
419,ninetales,,"guide art, matched by eye",97,CORAZA ASALTO,INTIMIDACIÓN,+VEL -ATK. ESP,RETRIBUCIÓN | TRITURAR | CARANTOÑA | VOLTIO CRUEL,sprites/s0372_p419.png,,
419,alakazam,,"guide art, matched by eye",99,VIDASFERA,REALEZA,-ATK +ATK. ESP,SENTENCIA | ENERGIBOLA | BOLA SOMBRA | BOMBA LODO,sprites/s0373_p419.png,,
420,miltank,,"guide art, matched by eye",98,CHALECO ASALTO,PELUCHE,+ATK -ATK. ESP,MACHADA | RETRIBUCIÓN | GARRA UMBRÍA | CABEZA DE HIERRO,sprites/s0374_p420.png,,
420,ninjask,,"guide art, matched by eye",98,DRAMPANITA,CÓLERA,-ATK +ATK. ESP,PULSO DRAGÓN | VOZARRÓN | LANZALLAMA S | PAZ MENTAL,sprites/s0375_p420.png,,
420,ditto,,"guide art, matched by eye",99,CINTA ELECCIÓN,IMPOSTOR,-,- | - | - | -,sprites/s0376_p420.png,,
420,braviary,,"guide art, matched by eye",100,BAYA DILLO,BRUTALIDAD,-ATK +ATK. ESP,GARRA UMBRÍA | CUCHILLADA | A BOCAJARRO | DANZA ESPADA,sprites/s0377_p420.png,,
422,aggron,,"guide art, matched by eye",94,-,CABEZA ROCA,+ATK -ATK.ESP,TESTARAZO | CABEZA DE HIERRO | TRAMPA ROCAS | ACUA COLA,sprites/s0378_p422.png,,
422,sableye,,"guide art, matched by eye",94,-,PRESIÓN,+DEF -ATK. ESP,PICO TALADRO | CABEZA DE HIERRO | RESPIRO | CORPULENCI A,sprites/s0379_p422.png,,
422,glimmora,,"guide art, matched by eye",95,-,FIRMEZA,-ATK +ATK. ESP,CAÑÓN RESPLANDOR | RAYO | ESFERA AURAL | PULSO DRAGÓN,sprites/s0380_p422.png,,
423,pikachu,,"guide art, matched by eye",100,BOLALUMINO SA,SOBRECARGA,+ATK -ATK.ESP,PLACAJE ELÉCTRICO | COLA FÉRREA | DEMOLICIÓN | ACUA COLA,sprites/s0381_p423.png,Tiene dos Restaurar todo,
423,lapras,,"guide art, matched by eye",97,CHALECO ASALTO,CAPARAZÓN,-ATK +ATK. ESP,PSÍQUICO | HIDROBOMBA | RAYO HIELO | RAYO,sprites/s0382_p423.png,Tiene dos Restaurar todo,
424,snorlax,,"guide art, matched by eye",98,RESTOS,SEBO,+ATK -ATK.ESP,PLANCHA CORPORAL | TRITURAR | CUERPO PESADO | TERREMOTO,sprites/s0383_p424.png,,
424,venusaur,,"guide art, matched by eye",98,TELESCOPIO,ESPESURA,-ATK +ATK. ESP,GIGADRENAD O | BOMBA LODO | TIERRA VIVA | SOMNIFERO,sprites/s0384_p424.png,,
424,UNKNOWN,,"guide art, matched by eye",99,CORAZA ASALTO,TORRENTE,-ATK +ATK. ESP,HIDROBOMBA | CAÑÓN RESPLANDOR | RAYO HIELO | PULSO UMBRÍO,sprites/s0385_p424.png,,
424,greninja-z,,"guide art, matched by eye",99,CHARIZARDIT A X,GARRA DURA,+VEL -ATK. ESP,LLAMARADA | GARRA DRAGÓN | TERREMOTO | DANZA ESPADA,sprites/s0386_p424.png,,
426,UNKNOWN,,"guide art, matched by eye",100,VIDASFERA,POTENCIA BRUTA,+ATK -ATK.ESP,TERREMOTO | ENVITE ÍGNEO | IDA Y VUELTA | AVALANCHA,sprites/s0387_p426.png,Entrenadora Alca:,
426,yveltal,,"guide art, matched by eye",100,CORAZA ASALTO,ADAPTABLE,-ATK +ATK. ESP,BOMBA LODO | PULSO DRAGÓN | HIDROBOMBA | RAYO HIELO,sprites/s0388_p426.png,Entrenadora Alca:,
427,lugia,,"guide art, matched by eye",100,CHALECO ASALTO,PUÑO FÉRREO,+ATK -ATK.ESP,PUÑO DRENAJE | AZOTE TORRENCIAL | IDA Y VUELTA | PUYA NOCIVA,sprites/s0389_p427.png,,
427,hydreigon,,"guide art, matched by eye",100,HIERBA BLANCA,LEVITACIÓN,+VEL -ATK,PULSO UMBRÍO | MAQUINACIÓ N | LLAMARADA | COMETA DRACO,sprites/s0390_p427.png,,
427,nihilego,,"guide art, matched by eye",100,CINTA FOCUS,RELINCHO NEGRO,-ATK +ATK. ESP,PSÍQUICO | FUEGO FATUO | MAQUINACIÓ N | BOLA SOMBRA,sprites/s0391_p427.png,,
427,nihilego,,"guide art, matched by eye",100,GRIMMSNARLI TA,POTENCIA BRUTA,+ATK -ATK.ESP,CHOQUE ANIMICO | TRITURAR | PUÑO FUEGO | PUÑO TRUENO,sprites/s0392_p427.png,,
429,xerneas,,"guide art, matched by eye",100,REFLELUZ,AURA FEÉRICA,-ATK +DEF,FUERZA LUNAR | RAYO | REFLEJO | PANTALLA LUZ,sprites/s0393_p429.png,,
429,yveltal,,"guide art, matched by eye",100,CHALECO ASALTO,AURA OSCURA,-ATK +ATK. ESP,ALA MORTIFERA | PULSO UMBRÍO | PSÍQUICO | ONDA ÍGNEA,sprites/s0394_p429.png,,
429,rayquaza,,"guide art, matched by eye",100,RESTOS,ROMPEAURA,+ATK -ATK.ESP,GARRA DRAGÓN | MIL FLECHAS | TRITURAR | ENROSQUE,sprites/s0395_p429.png,,
429,necrozma,,"guide art, matched by eye",100,VIDASFERA,AURA DORADA,+VEL -ATK. ESP,CONTONEO | ATAQUE FULGOR | GARRA UMBRÍA | PUÑO DRENAJE,sprites/s0396_p429.png,,
430,ninjask,,"guide art, matched by eye",98,BAYA ZIDRA,CORTANTE,+ATK -ATK. ESP,PSICOCORTE | HOJA AGUDA | ESPADA- SANTA | DANZA ESPADA,sprites/s0397_p430.png,Tiene disponible dos Restaurar Todo como objetos curativos.,
431,audino,,"guide art, matched by eye",100,VIDASFERA,TENACIDAD,-ATK +ATK. ESP,VOZARRÓN | FUERZA LUNAR | PSICOCARGA | MAQUINA- CIÓN,sprites/s0398_p431.png,,
431,simisear,,"guide art, matched by eye",99,CINTURÓN EXPERTO,PIEL HERBÁCEA,+ATK -ATK.ESP,DOBLE FILO | AVALANCHA | TERREMOTO | CABEZAZO ZEN,sprites/s0399_p431.png,,
431,UNKNOWN,,"guide art, matched by eye",98,HUESO GRUESO,POTENCIA BRUTA,+ATK -ATK.ESP,FERROESPAD A | HUESO SOMBRÍO | ENVITE ÍGNEO | TERREMOTO,sprites/s0400_p431.png,,
431,ninetales,,"guide art, matched by eye",99,CHALECO ASALTO,HERBÍVORO,-ATK +ATK. ESP,PULSO DRAGÓN | AGUA LODOSA | FOCO RESPLANDOR | RAYO HIELO,sprites/s0401_p431.png,,
431,cefireon,,"guide art, matched by eye",100,CHESNAUGHT ITA Z,ARMADURA BATALLA,+ATK -ATK.ESP,,sprites/s0402_p431.png,Y DE ÚLTIMO POKÉMON EL INICIAL DÉBIL FRENTE A NUESTRO TIPO ELEGIDO.,
432,UNKNOWN,,"guide art, matched by eye",100,DELPHOXITA Z,RELAMPAGUE O,+ATK -ATK. ESP,SABLE ARDIENTE | ELECTRO- PUNZADA | DANZA ESPADA | ESPADA- SANTA,sprites/s0403_p432.png,,
432,miltank,,"guide art, matched by eye",100,GRENINJITA Z,TOQUE MÁGICO,-ATK +ATK. ESP,HIDROBOMBA | TRUCO HUEVO | RAYO HIELO | PAZ MENTAL,sprites/s0404_p432.png,,
432,latias,,"guide art, matched by eye",100,VIDASFERA,FLORACIÓN,-ATK +ATK. ESP,FUERZA LUNAR | GIGA- DRENADO | PSÍQUICO | ENCANTO,sprites/s0405_p432.png,Tiene disponible dos Restaurar Todo como objetos curativos.,
432,blissey,,"guide art, matched by eye",98,CASCO DENTADO,SINCRONÍA,-ATK +ATK. ESP,PSICOCARGA | PAZ MENTAL | RAYO SEÑAL | LUZ LUNAR,sprites/s0406_p432.png,Tiene disponible dos Restaurar Todo como objetos curativos.,
433,lucario,,"guide art, matched by eye",99,BANDA FOCUS,ADAPTABLE,-ATK +ATK. ESP,ESFERA AURAL | FOCO RESPLANDOR | ONDA VACÍO | PAZ MENTAL,sprites/s0407_p433.png,,
433,blastoise,,"guide art, matched by eye",98,VIDASFERA,PUÑO FÉRREO,+ATK -ATK.ESP,PUÑO SOMBRA | TERREMOTO | MACHADA | PUÑO HIELO,sprites/s0408_p433.png,,
433,milotic,,"guide art, matched by eye",99,AGUA MÍSTICA,ABSORBER AGUA,-ATK +ATK.ESP,HIDROBOMBA | RAYO AURORA | ARMADURA ÁCIDA | BOLA SOMBRA,sprites/s0409_p433.png,●​ Tendrá a Flareon si tiene a Chesnaught.,
433,jolteon,,"guide art, matched by eye",99,IMÁN,ABSORBER ELEC.,-ATK +ATK. ESP,RAYO | VOLTIO- CAMBIO | RAYO SEÑAL | BOLA SOMBRA,sprites/s0410_p433.png,●​ Tendrá a Flareon si tiene a Chesnaught.,
434,simisear,,"guide art, matched by eye",99,CARBÓN,ABSORBER FUEGO,+ATK -ATK. ESP,PATADA ÍGNEA | COLA FÉRREA | FUERZA | FUEGO FATUO,sprites/s0411_p434.png,,
434,serperior,,"guide art, matched by eye",100,CHESNAUGHT ITA Z,ARMADURA BATALLA,+ATK -ATK.ESP,DISPARO ESPINA | TRITURAR | TALADRA- DORA | CORPU- LENCIA,sprites/s0412_p434.png,Y DE ÚLTIMO POKÉMON EL INICIAL FUERTE FRENTE A NUESTRO TIPO ELEGIDO.,
434,flareon,,"guide art, matched by eye",100,DELPHOXITA Z,RELAMPAGUE O,+ATK -ATK. ESP,SABLE ARDIENTE | ELECTRO- PUNZADA | DANZA ESPADA | ESPADA- SANTA,sprites/s0413_p434.png,Y DE ÚLTIMO POKÉMON EL INICIAL FUERTE FRENTE A NUESTRO TIPO ELEGIDO.,
434,miltank,,"guide art, matched by eye",100,GRENINJITA Z,TOQUE MÁGICO,-ATK +ATK. ESP,HIDROBOMBA | TRUCO HUEVO | RAYO HIELO | PAZ MENTAL,sprites/s0414_p434.png,Y DE ÚLTIMO POKÉMON EL INICIAL FUERTE FRENTE A NUESTRO TIPO ELEGIDO.,
435,aggron,,"guide art, matched by eye",100,TARJETA ROJA,ROBUSTEZ,+ATK -ATK.ESP,TRAMPA ROCAS | COLA FÉRREA | TERREMOTO | COLMILLO HIELO,sprites/s0415_p435.png,Cuenta Cuentos Eric,
436,mienshao,,"guide art, matched by eye",100,VIDASFERA,PIEL FEÉRICA,+ATK -ATK.ESP,SORPRESA | RETRIBUCIÓN | FUERZA | GOLPE BAJO,sprites/s0416_p436.png,,
436,mienshao,,"guide art, matched by eye",100,BANDA FOCUS,MURO MÁGICO,+ATK.ESP -ATK,PAZ MENTAL | PSICOCARGA | BOLA SOMBRA | ONDA CERTERA,,,
436,crobat,,"guide art, matched by eye",100,GEMA VOLADORA,ALLANAMIENT O,+ATK -ATK.ESP,ACRÓBATA | VENENO X | ONDA ÍGNEA | TIJERA X,sprites/s0417_p436.png,,
436,hatterene,,"guide art, matched by eye",100,LLAMASFERA,ESCAMA ESPECIAL,+ATK.ESP -ATK,ESCALDAR | RAYO HIELO | RECUPERACI ÓN | FUERZA LUNAR,sprites/s0418_p436.png,,
437,braixen-z,,"guide art, matched by eye",100,VOLCARONIT A,SEQUÍA,+ATK.ESP -ATK,DANZA LLAMA | ZUMBIDO | GIGADRENAD O | DANZA ALETEO,sprites/s0419_p437.png,,
468,volcarona,,"guide art, matched by eye",98,TARJETA ROJA,ESPANTO1,-ATK +ATK. ESP,FUEGO FATUO | PULSO UMBRÍO | BOLA SOMBRA | MAQUINACIÓN,sprites/s0420_p468.png,Entrenador Volus,
468,hydreigon,,"guide art, matched by eye",98,CINTA ELECCIÓN,INTIMIDACIÓN,+ATK -ATK. ESP,ENVITE ÍGNEO | TESTARAZO | VOLTIO CRUEL | VELOCIDAD EXTREMA,sprites/s0421_p468.png,Entrenador Volus,
468,UNKNOWN,,"guide art, matched by eye",98,LUCARITA,IMPASIBLE,-ATK +ATK. ESP,ESFERA AURAL | CAÑÓN RESPLANDOR | PSÍQUICO | PAZ MENTAL,sprites/s0422_p468.png,Entrenador Volus,
468,roserade,,"guide art, matched by eye",99,LODO NEGRO,PUNTO TÓXICO,-ATK +ATK. ESP,BOMBA LODO | DRENADORAS | BOLA SOMBRA | BOMBA LODO,sprites/s0423_p468.png,Entrenador Volus,
468,reshiram,,"guide art, matched by eye",99,CHALECO ASALTO,ESPEJO MÁGICO,-ATK. ESP +ATK,TAJO AÉREO | FUERZA LUNAR | LANZALLAMAS | ESFERA AURAL,sprites/s0424_p468.png,Entrenador Volus,
469,hydreigon,,"guide art, matched by eye",100,VIDAESFERA,VELO ARENA,+ATK -ATK. ESP,TERREMOTO | GARRA DRAGÓN | ROCA AFILADA | DANZA ESPADA,sprites/s0425_p469.png,,
469,UNKNOWN,,"guide art, matched by eye",100,GRISEOSFER A,PRESIÓN,+ATK -ATK. ESP,GOLPE UMBRÍO | GARRA DRAGÓN | TERREMOTO | DANZA ESPADA,sprites/s0426_p469.png,ESPADA,
