unlock_tier,item_es,item_en,guide_line
0,​ Poké Ball Casera,Custom Poké Ball,18730
0,​ Amuleto Normal,Normal Amulet,18731
0,​ Amuleto Volador,Flying Amulet,18732
1,​ Polvo Explosivo,Explosive Powder,18733
2,​ Super Ball Casera,Custom Great Ball,18734
3,​ Amuleto Bicho,Bug Amulet,18735
4,​ Amuleto Veneno,Poison Amulet,18736
5,​ Amuleto Agua,Water Amulet,18737
6,​ Amuleto Fuego,Fire Amulet,18738
7,​ Amuleto Planta,Grass Amulet,18739
8,​ Hacha Endeble,Fragile Axe,18740
9,​ Llave Mercúrica,Mercury Key,18741
10,​ Amuleto Siniestro,Dark Amulet,18742
11,​ Amuleto Hielo,Ice Amulet,18743
12,​ Hierba Revivir,Revival Herb,18744
13,​ Amuleto Tierra,Ground Amulet,18745
14,​ Amuleto Psíquico,Psychic Amulet,18746
15,​ Ultra Ball Casera,Custom Ultra Ball,18747
16,​ Amuleto Eléctrico,Electric Amulet,18748
17,​ Amuleto Lucha,Fighting Amulet,18749
18,​ Piedra Hoja Imbuida,Infused Leaf Stone,18750
19,​ Piedra Fuego Imbuida,Infused Fire Stone,18751
20,​ Piedra Agua Imbuida,Infused Water Stone,18752
21,​ Piedra Trueno Imbuida,Infused Thunder Stone,18753
22,​ Piedra Lunar Imbuida,Infused Moon Stone,18754
23,​ Piedra Alba Imbuida,Infused Dawn Stone,18755
24,​ Piedra Día Imbuida,Infused Day Stone,18756
25,​ Piedra Noche Imbuida,Infused Dusk Stone,18757
26,​ Piedra Solar Imbuida,Infused Sun Stone,18758
27,​ Amuleto Roca,Rock Amulet,18759
28,​ Amuleto Hada,Fairy Amulet,18760
29,​ Súper Más PP,PP Max Plus,18761
30,​ Súper Proteína,Super Protein,18762
31,​ Súper Hierro,Super Iron,18763
32,​ Súper Calcio,Super Calcium,18764
33,​ Súper Zinc,Super Zinc,18765
34,​ Súper Carburante,Super Carbos,18766
35,​ Amuleto Fantasma,Ghost Amulet,18767
36,​ Amuleto Acero,Steel Amulet,18768
37,​ Cápsula Velocidad,Speed Capsule,18769
38,​ Cápsula Ataque,Attack Capsule,18770
39,​ Cápsula Defensa,Defense Capsule,18771
40,​ Amuleto Dragón,Dragon Amulet,18772
41,​ PP Máximos,PP Max,18779
42,​ Cápsula Ataque Especial,Sp. Attack Capsule,18780
43,​ Cápsula Defensa Especial,Sp. Defense Capsule,18781
44,​ Cápsula HP,HP Capsule,18782
45,​ Master Ball,Master Ball,18783
46,​ Poción Brillante,Shiny Potion,18784
47,​ Embrión M,M Embryo,18785
