badge_no,leader,short_name,badge_name,city_or_site,structure_or_puzzle,specialty_type,levels,level_cap_with_n_badges,badge_granted,extra_reward,guide_page,source
1,Regente Canola,Canola,Medalla Liza,"Bastion de la Regente Canola, Ciudad Grisalla",Type-chart quiz: three musketeers each offer three types,NORMAL / VENENO,14-15,25,yes,"Thick Plate, Wise Plate, MT094 Rock Smash","battle p29-30, badge p30",guide headings + official TM list (primary)
2,Regente Hisopo,Hisopo,Medalla Espectro,"Bastion del Regente Hisopo, Ciudad Oleo",2-turn puzzle before the walker puzzle opens,FANTASMA / FUEGO,23-24,35,yes,MT065 Shadow Claw,"battle p47-48, badge p48",guide headings + official TM list (primary)
3,Regente F3,F3,Medalla Bobina,"Bastion del Regente F3, Ciudad Novarte","Four teams, three puzzle rooms before the leader",ELECTRICO / ACERO,32-33,44,yes,MT072 Volt Switch,"battle p79-81, badge p81",guide headings + official TM list (primary)
4,Regente Zafra,Zafra,Medalla Pastel,"Bastion de la Regente Zafra, Pueblo Bodegon (centre-right, 2nd subplot)",Bottle-cap puzzle: hit the cap matching the wanted type,HADA / NORMAL,39-41,53,yes,MT068 Nasty Plot,"battle p105-106, Bastion heading p103, badge p106",guide headings + official TM list (primary)
5,Capitan Loto,Loto,Medalla Tifon,"Barco del Capitan Loto, moored at the upper-left pier of Ciudad Oleo","Clavelina is raided by pirates, Loto steals the badge, the real fight is on his ship",AGUA / VOLADOR,45-46,62,yes,"Swords of Justice unlock, MT028 Fly from Clavelina","Clavelina Bastion p134, Loto ship battle p139-140, badge p140",guide headings + official TM list (primary)
6,Regente Belladona,Belladona,Medalla Espina,"Bastion de la Regente Belladona, Huerto Vanitas","No map: random rooms, wild encounters, singles, doubles, status effects",PLANTA / VENENO,52-54,70,yes,MT036 Sludge Bomb,"battle p162-163, badge p163",guide headings + official TM list (primary)
7,Regente Hibis,Hibis,Medalla Pineal,Torre Oscura (Dark Tower),Champion H at the cauldron; you must beat the two hired mons before the badge is handed over,PSIQUICO / LUCHA,65-67,78,yes,Robust Plate and others,"Dark Tower p223, battle p229-233, badge p234",guide headings + official TM list (primary)
8,Regente Anturia,Anturia,Medalla Hoguera,"Bastion Romantis, Ciudad Romantis",Purple floor symbol warps you between rooms; two curse incenses trade team slots for extra rewards,HADA / SINIESTRO,70-72,85,yes,Wise Plate and others,"Bastion Romantis p256, battle p256-259, badge p260",guide headings + official TM list (primary)
9,Regente Rupico,Rupico,Medalla Joya,"Bastion Fluxus, Ciudad Fluxus",1-2 puzzle rooms then the leader,ROCA / PSIQUICO,77-78,90,yes,MT034 Light Screen,"battle p292-293, badge p293",guide headings + official TM list (primary)
10,Regente Cendera,Cendera,Medalla Iceberg,"Bastion Fractal, Ciudad Fractal","Ice building maze, outer ring safe before the inner ice ring",HIELO / FUEGO,80-82,94,yes,"MT014 Dream Eater. The guide TM table also lists MT001 Blizzard as a Cendera reward: internal conflict, kept as published","battle p315-316, badge p316",guide headings + official TM list (primary)
11,Xerneas quest,Xerneas,"one of the two remaining medals, not named in the guide","Manantial Profundo (Deep Spring), after Lysson is beaten",Legendary catch offered; stats are much lower if you hold the Efigie de Xerneas,HADA / FANTASMA,90+,97,yes (Xerneas arc),Delphoxite Z,Xerneas p339-340,guide headings + official TM list (primary)
12,Yveltal quest,Yveltal,"final medal, handed over by Melia","Circo Sangüino, after the Mechanical Clown is beaten","Payaso Mecanico Anticuado: Drifblim 85, Spiritomb 85, Blacephalon 86",SINIESTRO / VOLADOR,88,100,yes (Yveltal arc),Greninjita Z,"circus p340-342, Alwaysviva fight p351-352, final medal p356",guide headings + official TM list (primary)
-,"Regente Arrayan, the Lost Regent of Luminalia",Arrayan,"no badge, optional boss","Catacumbas Luminalia, fixed rope and web descent across six floors",Teammates sit one level below your team average,ACERO / ELECTRICO,88-90,15,no,two Full Restore,"battle p335-336, no badge",guide headings + official TM list (primary)
-,Regente Siempreviva,Siempreviva,"no badge, optional boss","Circo Sangüino, once Yveltal is captured",Fights you herself after her Yveltal fails,FANTASMA / PSIQUICO,88,15,no,two Full Restore,"battle p351-352, no badge",guide headings + official TM list (primary)
-,Lysson,Lysson,"no badge, gate boss",Manantial Profundo,Blocks the way to Xerneas,-,88-90,15,no,-,"p339, gates the Xerneas fight",guide headings + official TM list (primary)
-,Payaso Mecanico Anticuado and Obsceno,Mechanical Clown,"no badge, circus gate",Ruta 22,Blocks the circus route,-,85-88,15,no,-,"p341-342, no badge",guide headings + official TM list (primary)
-,"Alto Mando: Tornasola, Aure, Primula, Malvo",Elite Four,Elite Four,"Ciudad Yantra, Torre de la Maestria, sealed until all 12 medals are gathered","Four specialists: Steel and Ground, Dragon and Electric plus weather, Fairy and Psychic stall, Dark and Ghost hazards",-,98-99,15,no,-,battle rows p375-430,guide headings + official TM list (primary)
-,Alca fused with El Arma Definitiva,Alca,"final boss, double battle",El Arma Definitiva,"Commands augmented Xerneas, Yveltal, Zygarde 100% and Auretosk",-,100,15,no,final level cap 100,battle p426-437,guide headings + official TM list (primary)
