species,gate,detail_es,guide_page
Raikou,Surf,"Con la capacidad de surfear podremos hacernos con Raikou, deberemos ir la parte más al norte de la Cueva Refulgente, allí haremos Surf hacia el norte y después hacia la derecha, siguiendo el único camino posible lo encontraremos.",448
Entei,Surf,"Con la capacidad de surfear podremos hacernos con Entei, deberemos ir la parte más profunda de la Cueva Grisalla, allí haremos Surf hacia la derecha y después seguiremos el único camino posible hacia abajo, al final del todo estará.",449
Suicune,Surf,"Con la capacidad de surfear podremos hacernos con Suicune, deberemos ir la parte más profunda de la Cueva Lóbrega, allí haremos Surf hacia la derecha y después seguiremos el único camino posible hacia la cueva de arriba a la derecha, al final del todo estará.",449
Cresselia,Mercury Key,"No es muy difícil encontrarlo, simplemente deberemos subir a la parte más alta de la Catedral Señorial y allí, a la derecha, veremos una puerta sellada por Llave Mercúrica, tras abrirla podremos tratar de atrapar a este Pokémon Legendario.",450
Darkrai,Mercury Key,"No es muy difícil encontrarlo, simplemente deberemos ir a la parte superior izquierda de las Criptas de Luminalia, allí veremos una puerta sellada por Llave Mercúrica, tras abrirla podremos tratar de atrapar a este Pokémon Legendario. (Me niego a llamarlo Singular)",450
Regirock,Braille,"Deberemos ir hasta el final de la Cueva Desenlace hasta encontrar un lenguaje de puntos que nos dará pistas para desbloquearlo. Tras ello, deberemos interactuar con la roca solitaria de más abajo a la derecha, cerca de la salida.",451
Regice,Braille,Deberemos ir por la Gruta Helada hasta encontrar un lenguaje de puntos que nos dará pistas para desbloquearlo. Deberemos usar la Lente de la Verdad en la zona para encontrarlo justo al sur del mismo cartel.,451
Registeel,Braille,"Deberemos ir al final de la Sima Ardiente, dentro de la Isla de la Prisión. Allí veremos un lenguaje de puntos que nos dará pistas para desbloquearlo. Deberemos interactuar con ese mensaje con un Wailord Z como primer Pokémon en el equipo (Pescable en Ciudad Relieve). Tras ello, sonará un grito y encontraremos a Registeel en la zona izquierda del mismo mapa.",452
Regigigas,Party composition,"Deberemos ir a la Caverna Atlas, ubicada en la Ruta 21 con Regirock, Regice y Registeel en el equipo. Regice deberá estar en el primer hueco del equipo, Regirock deberá estar en el tercer hueco del equipo y Registeel deberá estar en el quinto hueco del equipo, es decir, los 3 quedarán en la columna de la izquierda. Tras ello, deberemos interactuar con la estatua del centro para que aparezca.",452
Magearna,Dive,"Necesitaremos su Corazón Mecánico, para ello deberemos haber aprendido a bucear. Tras ello, deberemos ir a Pueblo Petroglifo, descender por la pared rocosa y bucear en la zona acuática, notaremos que tiene un color diferente. Una vez estemos debajo del mar, deberemos ir a la zona más abajo a la derecha posible, rompiendo varias rocas por el camino, al final del todo estará el objeto. Una vez lo tengamos, deberemos ir a la casa más abajo izquierda de Ciudad Novarte. Veremos a Magearna en la mesa, que será dotada de vida al entregarle el Corazón Mecánico al NPC.",453
Uxie,"Surf, Mercury Key","Deberemos acceder a la Cueva Psique, se ubica en Pueblo Mosaico, a través de la pared rocosa. Necesitaremos una Llave Mercúrica para desbloquearla. Una vez dentro, veremos a Uxie a la izquierda, pero al tratar de atraparlo huirá.  Se habrá ido a la Ruta 15, a un islote de la parte central. Llegaremos a él haciendo Surf por encima del río. Estará en la 2º parte de la Ruta 15.",453
Mesprit,Mercury Key,"Deberemos acceder a la Cueva Psique, se ubica en Pueblo Mosaico, a través de la pared rocosa. Necesitaremos una Llave Mercúrica para desbloquearla. Una vez dentro, veremos a Mesprit a la derecha, pero al tratar de atraparlo huirá. Se habrá ido a la Ruta 12, a un islote en la parte sur. Para llegar a ese islote deberemos tomar la salida norte dentro de la Gruta Tierraunida y navegar por el agua.",454
Azelf,"Mercury Key, Braille, Tide state","Deberemos acceder a la Cueva Psique, se ubica en Pueblo Mosaico, a través de la pared rocosa. Necesitaremos una Llave Mercúrica para desbloquearla. Una vez dentro, veremos a Azelf arriba, pero al tratar de atraparlo huirá. Se habrá ido a la Ruta 9, es importante que la marea esté subida en ese mapa (La campana del Santuario Prosperidad la sube o baja a nuestra voluntad). Lo encontraremos en un islote en la zona central sur del mapa. Espadachines Místicos: Deberemos comprar la Espada del Rey Olvidado (No es barata) en el Centro Pokémon de Ciudad Fractal como prioridad. Una vez la tengamos, deberemos ir al altar Santuario de los Reyes, aunque llegamos a través de la Ruta 5 y colocarla en el altar. Tras ello, los 4 espadachines estarán por diferentes puntos de la región. Llegamos al Santuario escalando varias paredes rocosas con la montura Gogoat.",454
Cobalion,Braille,"Deberemos comprar la Espada del Rey Olvidado en el Centro Pokémon de Ciudad Fractal como prioridad. Una vez la tengamos, deberemos ir al altar Santuario de los Reyes, aunque llegamos a través de la Ruta 5 y colocarla en el altar. Tras ello, los 4 espadachines estarán por diferentes puntos de la región. Cobalion se situará en la Fábrica de Poké Ball (Exterior) dentro de los jardines.",456
Terrakion,Braille,"Deberemos comprar la Espada del Rey Olvidado en el Centro Pokémon de Ciudad Fractal como prioridad. Una vez la tengamos, deberemos ir al altar Santuario de los Reyes, aunque llegamos a través de la Ruta 5 y colocarla en el altar. Tras ello, los 4 espadachines estarán por diferentes puntos de la región. Terrakion se situará en la Ruta 12, zona más a la izquierda posible.",456
Virizion,Braille,"Deberemos comprar la Espada del Rey Olvidado en el Centro Pokémon de Ciudad Fractal como prioridad. Una vez la tengamos, deberemos ir al altar Santuario de los Reyes, aunque llegamos a través de la Ruta 5 y colocarla en el altar. Tras ello, los 4 espadachines estarán por diferentes puntos de la región. Virizion se situará en el Bosque Ladera, en la zona más a la derecha posible de la primera parte del bosque.",457
Keldeo,Braille,"Deberemos comprar la Espada del Rey Olvidado en el Centro Pokémon de Ciudad Fractal como prioridad. Una vez la tengamos, deberemos ir al altar Santuario de los Reyes, aunque llegamos a través de la Ruta 5 y colocarla en el altar. Tras ello, los 4 espadachines estarán por diferentes puntos de la región. Keldeo se situará en Pueblo Mosaico, en la zona de la derecha, tras escalar la montaña.",457
Manaphy,Dive,"Deberemos haber obtenido la capacidad de bucear. Tras ello, deberemos ir al mar de Pueblo Acrílico, y veremos en la zona izquierda del mismo una zona donde el agua es más oscura. Una vez estemos debajo del mar, navegaremos hacia el sur, ya que las corrientes marina de la zona de la derecha bloquean el paso. Encontraremos un gran Wailord allí, que deberemos derrotar en un combate de 2VS1. Se subirá las estadísticas, pero los movimientos de tipo Eléctrico le causan un daño X4. Tras derrotarlo, las corrientes marinas habrán cesado, y podremos ir hacia la derecha del mapa. Al final del camino estará Manaphy.",458
Phione,open once reachable,"Deberemos haber logrado atrapar a Manaphy con éxito, ya que para obtener a Phione necesitaremos a Manaphy. Tras tenerlo, deberemos ir a la Guardería de la Ruta 5 para criar a Manaphy con Ditto. Ditto puede ser encontrado en la propia Ruta 5. Una vez tengamos a Manaphy y a Ditto en la guardería deberemos dar pasos por el mapa y hablar con el señor del exterior de la guardería. Cuando tengan un huevo, lo guardaremos en la incubadora y lo abriremos. Saldrá Phione de él. No pongáis objetos a Ditto y Manaphy por si acaso, puede dar bugs. Tapu Koko: Deberemos haber obtenido el Mapa de la Isla Montesanto (Exterior de la Fábrica de Poké Ball con Lente de la Verdad, en los jardines) y habérselo dado a Lotto en el Gambón Rougue. Tras ello, partiremos desde el muelle de Acrílico hacia la isla. Una vez resuelto el puzle, sonarán los gritos de los 4 Tapus en la isla. Tapu Koko se situará en la entrada de la isla, encima de un charco. Tapu Lele: Deberemos haber obtenido el Mapa de la Isla Montesanto (Exterior de la Fábrica de Poké Ball con Lente de la Verdad, en los jardines) y habérselo dado a Lotto en el Gambón Rougue. Tras ello, partiremos desde el muelle de Acrílico hacia la isla. Una vez resuelto el puzle, sonarán los gritos de los 4 Tapus en la isla. Tapu Lele se situará en la zona más arriba izquierda de la isla. Tapu Bulu: Deberemos haber obtenido el Mapa de la Isla Montesanto (Exterior de la Fábrica de Poké Ball con Lente de la Verdad, en los jardines) y habérselo dado a Lotto en el Gambón Rougue. Tras ello, partiremos desde el muelle de Acrílico hacia la isla. Una vez resuelto el puzle, sonarán los gritos de los 4 Tapus en la isla. Tapu Bulu se situará en la zona más arriba derecha de la isla. Tapu Fini: Deberemos haber obtenido el Mapa de la Isla Montesanto (Exterior de la Fábrica de Poké Ball con Lente de la Verdad, en los jardines) y habérselo dado a Lotto en el Gambón Rougue. Tras ello, partiremos desde el muelle de Acrílico hacia la isla. Una vez resuelto el puzle, sonarán los gritos de los 4 Tapus en la isla. Tapu Fini se situará en la zona más abajo derecha de la isla, sobre un montículo de tierra Tras los sucesos de Yantra:",458
Articuno,open once reachable,"Salimos desde Batik hacia los Pirineos, subimos hacia arriba sin entrar en la hierba y luego a la derecha, llegaremos hasta una zona de hierba con un montículo, sin bajar el montículo subiremos las escaleras y estará a la izquierda.",461
Zapdos,open once reachable,"Para capturar a Zapdos, tendrás que dirigirte a Novarte, una vez allí, solo tendrás que ir hacia el sur hasta Colina de Tormenta y ahí, en la parte sur, se encontrará la Ave Eléctrica",461
Moltres,open once reachable,"Tendremos que ir a Sima Ardiente, ir hacia la izquierda, bajar por la cueva e ir hacia abajo",461
Mewtwo,open once reachable,"Para poder capturar a Mewtwo necesitaremos varias cosas,primeramente, tendremos que conseguir 52 recetas (véase el Listado de Ubicaciones de Recetas), una vez alcanzado la receta, habrá que reunir los materiales entre los que se encuentran: 3 Polvos de hueso (dropeados por pokémon como Gastly), 3 fluidos oníricos (dropeados por pokémon tipo Siniestro como absol) y un Gen Misterioso dropeado por Mew tras atraparlo o derrotarlo, una vez conseguido el Embrión M, tendremos que dirigirnos al Laboratorio Flare  a uno de los Frascos donde insertaremos el Embrión y aparecerá Mewtwo",462
Mew,Puzzle,"En la cueva Talasia, al norte de la ruta 24 para encontrarlo debemos hacer un puzzle con relación con un reloj de pared donde el número de piedras se corresponde con una dirección siendo ( 🡢🡣🡣 🡢🡢🡣🡠) así llegando a Mew",462
Lugia,open once reachable,En el Fondo Marino de Pueblo Petroglifo.,463
Ho-Oh,open once reachable,En la Ruta 15 tienes que seguir  el río mostrado hacia arriba.,463
Celebi,open once reachable,"En el Bosque Ladera, tras seguir el camino natural, habrá que desviarse por este pequeño desvío Latias y Latios: En el Santuario Prosperidad, donde está la campana.",463
Kyogre,open once reachable,"En el Fondo del Lago Fluxus, a la derecha de la entrada a la Forja Antigua",464
Groudon,open once reachable,En la salida de la Prisión del Olvido,464
Rayquaza,open once reachable,En la cima del Faro Abandonado,465
Jirachi,open once reachable,En el Pueblo Acrílico,465
Deoxys,open once reachable,"En el Lugar misterioso, para acceder a él tendremos que abrir la puerta de la estación, la llave se encontrará en el río al subir por Expansiones de Luminalia",465
Dialga,open once reachable,"En el Bosque Errante, 🡢🡢🡢🡣🡢🡣",466
Palkia,open once reachable,"En las Extensiones de Luminalia Este, en la esquina inferior izquierda.",466
Heatran,open once reachable,"Tendremos que ir a la Sima Ardiente, tras entrar, hay que ir hacia la izquierda y ahí estará",466
Giratina,open once reachable,"En la Ruta 22, justo antes de entrar al Pueblo Sanguino.",467
Shaymin,open once reachable,"En el Bosque Errante, tienes que interactuar con las 15 estatuas humanoides. Una vez estén activas, aparecerá Shaymin en la siguiente zona: (Desde Collage:  🡢🡣 🡢🡩🡢)",467
Arceus,18 plates,"Tendremos que reunir las 18 tablas elementales de los nidos Alfa, y dirigirnos a la ubicación donde conocemos a Crisanto, una vez allí, nos encontraremos con un portal el cuál nos llevará a la Columna Lanza y tendremos que enfrentarnos a Volus",467
Xerneas,open once reachable,JEFE FLARE en el Manantial Profundo tras Lysson. Infla sus estadisticas durante el combate salvo que lleves su Efigia.,338
Yveltal,open once reachable,"Detras del Circo Sanguino, en Pueblo Sanguino. Se unlockea al avanzar la trama.",342
Zygarde,open once reachable,"Arbol Eterno, en el tramo final. Se unlockea al avanzar la trama.",430
Auretosk,open once reachable,"Legendario Electrico y Fantasma, cuarto del arbol Yggdrasil. Sube sus estadisticas en combate. Consejo del guia: tipos Tierra, a la defensiva.",290
MissingNo,open once reachable,"Capturable en el exterior del Arma Definitiva, reached via teleporter. Interactable tambien con un Missigno junto al Cromlech.",412
