badges_held,hard_level_cap,basis
0,15,caps for 0-9 badges are cross-checked against each Bastion ace level in the guide; 94/97/100 continue the same curve into the legendary and league arcs
1,25,caps for 0-9 badges are cross-checked against each Bastion ace level in the guide; 94/97/100 continue the same curve into the legendary and league arcs
2,35,caps for 0-9 badges are cross-checked against each Bastion ace level in the guide; 94/97/100 continue the same curve into the legendary and league arcs
3,44,caps for 0-9 badges are cross-checked against each Bastion ace level in the guide; 94/97/100 continue the same curve into the legendary and league arcs
4,53,caps for 0-9 badges are cross-checked against each Bastion ace level in the guide; 94/97/100 continue the same curve into the legendary and league arcs
5,62,caps for 0-9 badges are cross-checked against each Bastion ace level in the guide; 94/97/100 continue the same curve into the legendary and league arcs
6,70,caps for 0-9 badges are cross-checked against each Bastion ace level in the guide; 94/97/100 continue the same curve into the legendary and league arcs
7,78,caps for 0-9 badges are cross-checked against each Bastion ace level in the guide; 94/97/100 continue the same curve into the legendary and league arcs
8,85,caps for 0-9 badges are cross-checked against each Bastion ace level in the guide; 94/97/100 continue the same curve into the legendary and league arcs
9,90,caps for 0-9 badges are cross-checked against each Bastion ace level in the guide; 94/97/100 continue the same curve into the legendary and league arcs
10,94,caps for 0-9 badges are cross-checked against each Bastion ace level in the guide; 94/97/100 continue the same curve into the legendary and league arcs
11,97,caps for 0-9 badges are cross-checked against each Bastion ace level in the guide; 94/97/100 continue the same curve into the legendary and league arcs
12,100,caps for 0-9 badges are cross-checked against each Bastion ace level in the guide; 94/97/100 continue the same curve into the legendary and league arcs
