area_es,area_en,kind,derived_level_band,boss_or_cap_anchor,battle_rows_in_band,distinct_species_listed,sample_species,encounter_rows_in_guide,guide_page
Ciudad Fluxus,Fluxus City,City,,"Rúpico 77-78, cap 85",0,6,"Dhelmise, Finizen, Gorebyss, Huntail, Lumineon, Palafin",6,p291-293
Antigua Biblioteca,Old Library,Dungeon / landmark,25-26,,3,11,"Buizel, Corphish, Deerling, Girafarig, Greavard, Hattrem",14,
Bosque Ladera,Hillside Forest,Dungeon / landmark,,,0,0,,5,
Bosque Ladera Parte 2,Hillside Forest,Dungeon / landmark,18-20,,8,0,,5,
Catacumbas Meridionales (Opcional),Southern Catacombs,Dungeon / landmark,,,0,5,"Gastly, Purrloin, Rattata, Spiranak, Woobat",5,
Chateau Lanto,Chateau Lanto,Dungeon / landmark,36-39,,8,12,"Absol, Ariados, Bronzor, Espurr, Glimmet, Glimmora",13,
Colina de Tormenta,Storm Hill,Dungeon / landmark,,,0,5,"Koffing, Magby, Magmar, Porygon Regional, Togedemaru",5,
Cueva Grisalla,Grey Cave,Dungeon / landmark,,,0,16,"Croagunk, Dewpider, Drowzee, Ducklett, Dunsparce, Flabebe",20,
Cueva Refulgente,Shining Cave,Dungeon / landmark,,,0,15,"Chinchou, Clauncher, Klink, Minun, Nidoran Hembra, Nidoran Macho",20,
Cueva Refulgente Parte 2,Shining Cave,Dungeon / landmark,,,0,11,"Barboach, Dewpider, Electabuzz, Elekid, Hoppip, Maschiff",13,
Fondo Marino Pueblo Petroglifo (Opcional),,Dungeon / landmark,,,0,24,"Alomomola, Barraskewda, Carbink, Clauncher, Clawitzer, Dondozo",30,
Fort Leviatán,Fort Leviathan,Dungeon / landmark,,,0,9,"Gastrodon, Kilowattrel, Mantine, Pyukumuku, Sandygast, Shellos",9,
Gruta Tierraunida,United Earth Grotto,Dungeon / landmark,,,0,9,"Arbok, Corvisquire, Hariyama, Morpeko, Octillery, Perrserker",9,
Pantano Profano,Profane Swamp,Dungeon / landmark,28-29,,3,12,"Applin, Charcadet, Chinchou, Clauncher, Gligar, Magnemite",35,
Pirineos de Kalos,Kalos Pyrenees,Dungeon / landmark,,,0,12,"Abomasnow, Avalugg, Bergmite, Bibarel Z, Delibird, Frosmoth",16,
Pirineos de Kalos Parte 2,Kalos Pyrenees,Dungeon / landmark,,,0,8,"Abomasnow, Avalugg, Bergmite, Frigibax, Froslass, Frosmoth",8,
Pirineos de Kalos Parte 3,Kalos Pyrenees,Dungeon / landmark,,,0,13,"Avalugg, Bergmite, Copperajah, Cufant, Frosmoth, Hakamo-o",16,
Villa Pokémon​,,Dungeon / landmark,,,0,0,,6,
Ruta 10,Route 10,Route,43-44,,3,17,"Carvanha, Clamperl, Clobbopus, Comfey, Copperajah, Cufant",27,
Ruta 11 Parte 2,Route 11,Route,,,0,8,"Bagon, Kilowattrel, Luxio, Seviper, Wailmer Z, Wimpod",8,
Ruta 13,Route 13,Route,54-55,,11,12,"Beedrill, Butterfree, Furfrou, Garbodor, Glameow, Houndour",28,
Ruta 14,Route 14,Route,70-71,,7,28,"Alola, Basculin, Chatot, Clawitzer, Corsola, Dhelmise",39,
Ruta 15,Route 15,Route,,,0,10,"Basculin, Gothorita, Gourgeist, Heracross, Klefki, Liepard",10,
Ruta 15 Parte 2,Route 15,Route,,,0,11,"Bibarel Z, Dodrio, Drednaw, Lombre, Mawile, Phantump",11,
Ruta 16 Norte,,Route,,,0,8,"Dodrio, Greedent, Lombre, Mawile, Seaking, Spinda",11,
Ruta 16 Sur,,Route,,,0,9,"Avalugg, Basculin, Beartic, Bergmite, Haunter, Piloswine",10,
Ruta 17,Route 17,Route,,,0,10,"Avalugg, Bergmite, Cetitan, Cryogonal, Delibird, Frigibax",10,
Ruta 19,Route 19,Route,,,0,9,"Druddigon, Dugtrio, Excadrill, Gurdurr, Lairon, Larvitar",27,
Ruta 2,Route 2,Route,,,0,7,"Clefairy, Onix, Roggenrola, Rolycoly, Slowpoke, Wooper",7,
Ruta 20,Route 20,Route,,,0,12,"Chansey, Claydol, Crobat, Dunsparce, Dusclops, Frosmoth",26,
Ruta 22 Parte 1,Route 22,Route,,,0,0,,9,
Ruta 22 Parte 2,Route 22,Route,86-87,,3,0,,9,
Ruta 23,Route 23,Route,,,0,0,,24,
Ruta 25,Route 25,Route,94-100,,68,0,,13,
Ruta 3,Route 3,Route,14-15,,3,9,"Chinchou, Drifloon, Gulpin, Jigglypuff, Pancham, Pikachu Regional",18,
Ruta 4,Route 4,Route,,,0,7,"Blipbug, Kricketot Z, Morelull, Nymble, Panpour, Pansage",8,
Ruta 4 Parte 2,Route 4,Route,,,0,9,"Kricketot Z, Lotad, Murkrow, Panpour, Pansage, Pansear",9,
Ruta 5,Route 5,Route,21-22,,5,0,,10,
Ruta 6,Route 6,Route,,,0,29,"Aipom, Carkol, Carnivine, Clodsire, Crustle, Cubone Z",47,
Ruta 8,Route 8,Route,34-36,,6,10,"Bruxish, Gimmighoul, Kirlia, Lopunny, Pinsir, Ralts",16,
Ruta 8 Parte 3,Route 8,Route,,,0,0,,3,
Ruta 9,Route 9,Route,40-42,,6,0,,8,
Pueblo Mosaico,Mosaic Town,Town,,,0,8,"Cyclizar, Eldegoss, Gligar, Gliscor, Parasect Z, Politoed",8,
Viejo Vánitas,Old Vanitas,Town,48-50,,4,0,,15,
