boss_label_es,distinct_species,species_listed,encounter_rows_in_guide
Alcaide Pinot,21,"Avalugg, Bergmite, Bibarel Z, Carkol, Claydol, Crobat, Darmanitan, Darumaka, Dusclops, Glalie",21
Clérigo Mirra,0,,9
Espadachín Espino,9,"Barbaracle, Binacle, Crabrawler, Horsea, Kilowattrel, Pincurchin, Tentacool, Tropius, Wattrel",9
Malhechor Plumanegra,5,"Ariados, Glimmet, Glimmora, Misdreavus, Noibat",5
Monjes Yantra Vicent y Amber,9,"Alomomola, Barbaracle, Chatot, Crustle, Exeggutor, Lapras, Milotic, Slowbro, Slowking",20
Pintora Ginia,2,"Floatzel, Lombre",2
Regente Anturia,9,"Basculin, Drampa, Frillish, Gothorita, Heracross, Klefki, Mightyena, Skorupi, Weepinbell",9
Regente Arrayan,0,,6
Regente Belladona,8,"Farfetch’d Galar, Hawlucha, Kadabra, Kangaskhan, Minun, Plusle, Pyroar, Swalot",14
Regente Canola,9,"Budew, Pineco, Riolu, Shinx, Skitty, Spearow, Surskit, Swirlix, Tympole",9
Regente Cendera,6,"Aegislash, Aggron, Blastoise, Garganacl, Gogoat, Rhydon",6
Regente F3,9,"Bruxish, Furfrou, Gimmighoul, Kirlia, Munna, Ralts, Roselia, Scyther, Shellder",9
Regente Hibis,9,"Beedrill, Bombirdier, Dragalge, Gothorita, Grafaiai, Palpitoad, Qwilfish, Seismitoad, Sliggoo",9
Regente Hisopo,7,"Duckett, Feebas, Kecleon, Nincada, Spritzee, Staravia, Staryu",8
Regente Loto,9,"Azumarill, Boldore, Carbink, Chimecho, Chingling, Octillery, Sableye, Wobbuffet, Woobat",9
Regente Rúpico,7,"Bruxish, Cinccino, Farfetch’d Galar, Pupitar, Ribombee, Slowbro, Torkoal",7
Regente Siempreviva,0,,9
Rival Melia,2,"Bruxish, Starmie",2
Sótano,2,"Barboach, Slowpoke",2
Tarotista Mimi,0,,7
Xerneas,0,,14
Yveltal,0,,9
