TM,move_en,move_es,location_en,location_es,note
TM001,Blizzard (guide badge text also claims MT014 Dream Eater from Cendera: conflict kept as published),Ventisca,Reward from Cendera (10th Badge),Recompensa de Cendera (10ª Medalla),
TM002,Dragon Claw,Garra Dragón,Château Cathedral,Catedral Señorial,
TM003,Psyshock,Psicocarga,"Dark Tower (Lower-right room, Lanto)",Torre Oscura (Sala abajo derecha Lanto),
TM004,Calm Mind,Paz Mental,"Wandering Forest, from Pokémon Village go left","En el bosque errante, desde la villa pokémon, ir a la",
TM005,Sludge Bomb,Carga Tóxica,Profane Swamp (Left zone),Pantano Profano (Zona izquierda),
TM006,Iron Head,Cabeza de Hierro,Pokéball Factory (Inside),Fábrica de Pokéball (Interior),
TM007,Hail,Granizo,Kalos Mountains (Paldea border),Pirineos de Kalos (Frontera Paldea),
TM008,Bulk Up,Corpulencia,Mosaic Village,En Pueblo Mosaico,
TM009,Hydro Pump,Hidroariete,Ancient Flooded Forge,Antigua Forja Inundada,
TM010,Rock Trap,Trampa Rocas,On top of a building in the Luminalia outskirts,Arriba de un edificio en las expansiones de Luminalia,
TM011,Sunny Day,Día Soleado,"Route 11, on an island","Ruta 11, en una Isla",
TM012,Taunt,Mofa,Route 3 (Left screen),Ruta 3 (Pantalla izquierda),
TM013,Ice Beam,Rayo Hielo,Frozen Cave (Near the end),Gruta Helada (Cerca del final),
TM014,Dream Eater,Come Sueños,Ancient Forge,Forja Antigua,
TM015,Surf,Surf,Reward from Melia (Relief area),Recompensa de Melia (Relieve),
TM016,Light Screen,Pantalla Luz,Route 13 Part 2 (After Surf),Ruta 13 Parte 2 (Tras Surf),
TM017,Protect,Protección,Route 2 Left (Requires Gogoat Mount),Ruta 2 izquierda (Requiere Montura),
TM018,Rain Dance,Danza Lluvia,Fluxus City (Back of the lake),Ciudad Fluxus (Fondo Lago),
TM019,Cut Path,Abrecaminos,Bosque Ladera (After a female thief),Bosque Ladera (Tras una ladrona),
TM020,Scald,Escaldar,"Bodegón Village (House, bottom-left)","Pueblo Bodegón (Casa, abajo izquierda)",
TM021,Signal Beam,Rayo Señal,Prosperity Shrine,Santuario Prosperidad,
TM022,Solar Beam,Rayo Solar,"Route 21 (Bottom-left, climb)","Ruta 21 (Abajo izquierda, trepar)",
TM023,Air Slash,Aire Afilado,"Château Rosillon (2nd floor, right room)","Chateau Rosillon (2º piso, hab. derecha)",
TM024,Thunderbolt,Rayo,Top of Prisma Tower,En la cima de la Torre Prisma,
TM025,Seed Bomb,Bomba Germen,Vánitas Orchard (House),Huerto Vánitas (Casa),
TM026,Earthquake,Terremoto,"Cueva Desenlace (Final area, after rock)","Cueva Desenlace (Zona final, tras roca)",
TM027,Payback,Retribución,"Château Rosillon (Courtyard, next to Lopunny)","Chateau Rosillon (Patio, junto Lopunny)",
TM028,Fly,Vuelo,Talk to Clavelina after 5th badge,Hablar con Clavelina tras la 5º medalla.,
TM029,Psychic,Psíquico,Dark Web,Maraña Oscura,
TM030,Shadow Ball,Bola Sombra,Luminalia Crypts,Criptas de Luminalia,
TM031,Brick Break,Demolición,Storm Hill (Bottom-right),Colina de Tormenta (Abajo derecha),
TM032,Aqua Tail,Acua Cola,Route 11 Part 2 (Break rock),Ruta 11 Parte 2 (Romper roca),
TM033,Reflect,Reflejo,"Château Lanto (Dorm, unreal dimension)",Chateau Lanto (Dorm. dimensión irreal),
TM034,Light Screen,Joya de Luz,Reward from Rúpico (9th Badge),Recompensa de Rúpico (9º medalla),
TM035,Low Kick,Patada Baja,Route 7 South (Next to rock),Ruta 7 Sur (Junto a roca),
TM036,Sludge Bomb,Bomba Lodo,Reward from Belladonna (6th Badge),Recompensa de Belladona (6º medalla),
TM037,Sandstorm,Tormenta Arena,Cueva Lóbrega (Central zone),Cueva Lóbrega (Zona central),
TM038,Flamethrower,Llamarada,"Route 25, bottom-left","Ruta 25, abajo izquierda",
TM039,Rock Tomb,Tumba Rocas,Grisalla Cave (Lower zone),Cueva Grisalla (Zona inferior),
TM040,Aerial Ace,Golpe Aéreo,Collage Village (Lumberjack in house),Pueblo Collage (Leñador en casa),
TM041,Fire Punch,Puño Fuego,Novarte City (Bottom-right house),Ciudad Novarte (Casa abajo derecha),
TM042,Image,Imagen,Château Lanto (Real dimension corridor),Chateau Lanto (Dimensión real pasillo),
TM043,Volt Switch,Nitrocarga,Route 4 Part 2 (After leaving the forest),"Ruta 4 (Parte 2, tras salir del bosque)",
TM044,Rest,Descanso,"Bodegón Village (Girl, bottom)",Pueblo Bodegón (Chica abajo),
TM045,Shadow Flame,Llama Embrujada,Romantis City (Behind Gym),Ciudad Romantis (Detrás Bastión),
TM046,Thief,Ladrón,Oléo City (Sold by a thief),Ciudad Óleo (Lo vende una ladrona),
TM047,Hidden Power,Poder Oculto,Route 7 North (Bottom-left),Ruta 7 Norte. (Abajo izquierda),
TM048,Thunder Punch,Puño Trueno,Novarte City (Bottom-right house),Ciudad Novarte (Casa abajo derecha),
TM049,Ice Punch,Puño Hielo,Novarte City (Bottom-right house),Ciudad Novarte (Casa abajo derecha),
TM050,Zen Headbutt,Cabezazo Zen,Route 22 (After Surf),"Ruta 22, tras surf",
TM051,Hydro Pulse,Hidropulso,"Route 5 (Part 2, right)","Ruta 5 (2º parte de la ruta, a la derecha)",
TM052,Smart Strike,Onda Certera,"After climbing a building in Luminalia, cross some beams",Tras subir por un edificio en Luminalia y cruzar unas,
TM053,Energy Ball,Energibola,Service Station (Lower zone),Estación de Servicio (Zona inferior),
TM054,Fake Out,Falsotortazo,Southern Catacombs (Break rock),Catacumbas Meridionales (Romper roca),
TM055,Ice Beam,Agua Fría,Route 9 Part 2 (High Tide),Ruta 9 Parte 2 (Marea Alta),
TM056,Iron Tail,Cola Férrea,Prisma Tower,Torre Prisma,
TM057,Cut,Corte,Collage Village (Between ledges),Pueblo Collage (Entre resaltos),
TM058,Flamethrower,Lanzallamas,"Romantis Gym (Room, not Leader)","Bastión Romantis (Sala, NO la Líder)",
TM059,Incinerate,Calcinación,Route 6 Second Part,Ruta 6 Segunda Parte de la Ruta,
TM060,Steel Wing,Ala de Acero,Luminalia City (Market),Ciudad Luminalia (Mercado),
TM061,Will-O-Wisp,Fuego Fatuo,Sanguine Village (After crossing lake),El el Pueblo Sanguino tras pasar por un lago,
TM062,Acrobatics,Acróbata,Route 6 (From Oléo City),Ruta 6 (Desde Ciudad Óleo),
TM063,Giga Drain,Gigadrenado,Route 16 South (After climbing mountain),Ruta 16 Sur (Tras escalar montaña),
TM064,Dragon Pulse,Pulso Dragón,"Route 23 (Descend, keep forward)","En la ruta  23 al bajar, sigue hacia delante",
TM065,Shadow Claw,Garra Umbría,Reward from Hisopo (2nd Badge),Recompensa de Hisopo (2º medalla),
TM066,Vendetta,Vendetta,Route 15 Part 2 (Up and down mountain),Ruta 15 Parte 2 (Subir y bajar montaña),
TM067,Fly,Ala Bis,Forgotten Prison Island (After rock),Isla Prisión Olvido (Tras Roca),
TM068,Charm,Carantoña,Reward from Zafra (4th Badge),Recompensa de Zafra (4º medalla),
TM069,Volt Switch,Onda Voltio,Glimmering Cave (After rocks),Cueva Refulgente (Tras rocas),
TM070,Hyper Voice,Vozarrón,"Fresh Village (Girl, house)",Pueblo Fresco (Niña casa),
TM071,Rock Slide,Roca Afilada,Route 17 (After rock and climb),Ruta 17 (Tras roca y tras escalada),
TM072,Volt Switch,Voltiocambio,Reward from F3 (3rd Badge),Recompensa de F3 (3º medalla),
TM073,Thunder Wave,Onda Trueno,Burned Workshop (Upper floor),Taller Quemado (Piso arriba),
TM074,Rollout,Giro Bola,"Cueva Lóbrega (Central zone, in a hole)","Cueva Lóbrega (Zona central, en hueco)",
TM075,Sword Dance,Danza Espada,Fractal City (Talk to Musketeer),"Ciudad Fractal (Mosquetero, hablando)",
TM076,Thunder,Trueno,Top of Route 23 Lighthouse,En la cima del Faro de la ruta 23,
TM077,Magic Shine,Brillo Mágico,Route 8 Part 2 (Entering Part 3),Ruta 8 Parte 2 entrando por la Parte 3,
TM078,Earthquake,Terratemblor,"Novarte City (Academy, Generator)","Ciudad Novarte (Academia, Generador)",
TM079,Schemer,Maquinación,"Circus Nightmare, Leader’s Room","Pesadilla del Circo, Sala del lider",
TM080,Avalanche,Avalancha,Tierraunida Grotto (After climbing),En la gruta Tierraunida (tras escalada),
TM081,X-Scissor,Tijera X,Bosque Ladera Part 2 (Requires Surf),Bosque Ladera Parte 2 (Requiere Surf),
TM082,Megahorn,Megacuerno,Deep Spring,Manantial Profundo,
TM083,Energize,Avivar,Vinyl Village (Girl in vineyard),Pueblo Vinilo (Chica en los viñedos),
TM084,Spikes,Puya Nociva,Old Vánitas (Sewers),Viejo Vánitas (Alcantarillas),
TM085,Ice Wind,Viento Hielo,Oléo City (Top-left house),Ciudad Óleo (Casa arriba izquierda),
TM086,Grass Knot,Hierba Lazo,Romantis City (Herbalist),Ciudad Romantis (Herbolario),
TM087,Shadow Pulse,Pulso Umbrío,Old Vánitas (Bottom-right zone),Viejo Vánitas (Zona abajo derecha),
TM088,Earth Power,Tierra Viva,Wandering Forest,Bosque Errante,
TM089,Round,Ida y Vuelta,Acrylic Village (Cliff),Pueblo Acrílico (Acantilado),
TM090,Substitute,Sustituto,Route 14 (Surf right),Ruta 14 (Surfear derecha),
TM091,Dazzling Gleam,Foco Resplandor,Kalos Mountains Part 3 (Top-left),Pirineos de Kalos Parte 3 (Arriba izq.),
TM092,Fire Spin,Onda Ígnea,Burning Chasm (Lower floor),Sima Ardiente (Piso Inferior),
TM093,Wild Charge,Voltio Cruel,Route 19 (Right cave),Ruta 19 (Derecha cueva),
TM094,Rock Smash,Golpe Roca,Reward from Canola (1st Badge),Recompensa de Canola (1º medalla),
TM095,Psycho Fang,Psicocolmillo,"Petroglifo Village (Hotel, upper floor)","Pueblo Petroglifo (Hotel, planta alta)",
TM096,Drain Punch,Puño Drenaje,Circus Nightmare (Cage Zone),Pesadilla del Circo Zona de Jaulas,
TM097,Heat Wave,Arenas Ardientes,Fluxus City (House),Ciudad Fluxus (Casa),
TM098,Toxic Spikes,Púas Tóxicas,"Route 20 (Left zone, Mount required)","Ruta 20 (Zona izquierda, montura)",
TM099,Triple Axel,Triple Axel,Fractal City (Left),Ciudad Fractal (Izquierda),
TM100,Draco Meteor,Cometa Draco,Reflection Cave,Cueva de los Reflejos,
TM101,Bounce,Brinco,Kings’ Sanctuary (Left),Santuario de los Reyes (Izquierda),
TM102,U-turn,Viraje,Montesanto Island (Cave),Isla Montesanto (Cueva),
TM103,Ice Spinner,Pirueta Helada,Route 18,En la Ruta 18,
TM104,Howl,Alarido,Certijo Island (Central-right zone),Isla Certijo (Zona central derecha),
TM105,Roar,Respiro,Route 10 (After a female thief),Ruta 10 (Tras una ladrona),
TM106,Brick Break,Fuerza Bruta,"Route 23 (After crossing bridge, to the right)","Ruta 23 (Tras cruzar el puente, hacia la drch)",
TM107,Trick Room,Espacio Raro,Lance Column,Columna Lanza,
TM108,Strength,Fuerza,Reward from Olivier (Château Lanto),Recompensa de Olivier (Chateau Lanto),
