name,kind,types,hp,atk,def,spa,spd,spe,bst,stats,ability_primary,ability_hidden,signature_move,evolution,notes
Pikachu Z,Regional Form,Electric/Poison,45,65,40,50,50,90,340,45/65/40/50/50/90,Toque Tóxico (Poison Touch),Punto Tóxico (Poison Point),,Evoluciona a Raichu Z al exponerlo a una Piedra Trueno.,
Raichu Z,Regional Form,Electric/Poison,60,105,55,80,80,100,480,60/105/55/80/80/100,Toque Tóxico (Poison Touch),Punto Tóxico (Poison Point),,,
Mega Raichu Z,Custom Mega Evolution,Electric/Poison,60,160,65,110,80,130,605,60/160/65/110/80/130,Ensañamiento (Cruelty / Merciless),,,,
Paras Z,Regional Form,Bug/Psychic,55,45,55,70,55,25,305,55/45/55/70/55/25,Presencia Rara (Trick Room on entry),Fuerza Cerebral (Neuroforce),,Evoluciona a Parasect Z al nivel 22.,
Parasect Z,Regional Form,Bug/Psychic,70,60,80,95,80,30,415,70/60/80/95/80/30,Presencia Rara (Invoca automáticamente Espacio Raro al entrar al combate),Fuerza Cerebral,,,
Cubone Z,Regional Form,Ground/Ghost,50,70,95,40,50,55,360,50/70/95/40/50/55,Cabeza Roca / Pararrayos,Armadura Batalla,,Evoluciona a Marowak Z al nivel 28.,
Marowak Z,Regional Form,Ground/Ghost,60,80,100,45,50,70,405,60/80/100/45/50/70,Cabeza Roca / Pararrayos,Armadura Batalla,,,
Marolier,New Evolution (Regular Marowak),Ground/Fighting,90,90,125,50,90,80,525,90/90/125/50/90/80,Cabeza Roca / Armadura Batalla,Potencia Bruta (Sheer Force),,Marowak normal evoluciona a Marolier al nivel 65.,
Porygon Z (Regional),Regional Form,Normal/Electric,65,60,65,75,70,40,375,65/60/65/75/70/40,Rastro / Descarga,Cálculo Final (Analytic),,Evoluciona a Porygon2 Z al nivel 30 y luego a Porygon-Z Z al nivel 50 (sin necesidad de objetos de intercambio).,
Wailmer Z,Regional Form,Water/Flying,130,80,35,80,35,60,420,130/80/35/80/35/60,Liviano / Piel Celeste,Ímpetu Ardiente,,Evoluciona a Wailord Z al nivel 40.,
Wailord Z,Regional Form (Zeppelin),Water/Flying,170,90,45,90,45,60,500,170/90/45/90/45/60,Liviano / Piel Celeste,Ímpetu Ardiente,,,
Vibrava Z,Regional Form,Bug/Dragon,70,70,60,50,60,90,400,70/70/60/50/60/90,Levitación,,,Evoluciona a Flygon Z al nivel 45.,
Flygon Z,Regional Form,Bug/Dragon,80,115,80,80,80,100,535,80/115/80/80/80/100,Levitación,,,,
Bidoof Z,Regional Form,Normal/Ice,59,45,40,35,40,31,250,59/45/40/35/40/31,Simple / Ignorante,Sebo,,Evoluciona a Bibarel Z al nivel 16.,
Bibarel Z,Regional Form,Normal/Ice,90,85,60,55,60,71,421,90/85/60/55/60/71,Simple / Ignorante,Sebo / Peluche,,,
Kricketot Z,Regional Form,Bug/Steel,37,60,41,45,41,25,249,37/60/41/45/41/25,Mudar,Fuga,,Evoluciona a Kricketune Z al nivel 17.,
Kricketune Z,Regional Form,Bug/Steel,77,105,51,55,51,75,414,77/105/51/55/51/75,Experto (Technician),Filo Cortante,,,
Rotom Z (Guillotina),Regional Form,Ghost/Steel,80,105,107,65,107,86,550,80/105/107/65/107/86,Levitación,,,,
Lilligant Z,Regional Form,Grass/Fire,70,60,75,110,75,90,480,70/60/75/110/75/90,"Despiertallama (Inmune a Fuego, +1 SpA al recibir golpe de fuego)",Cuerpo Llama,,Petilil evoluciona a Lilligant Z con Piedra Solar.,
Yamask Z / Cofagrigus Z,Regional Form,Ghost/Steel,58,80,145,95,105,30,513,58/80/145/95/105/30,Momia,,,Yamask Z evoluciona a Cofagrigus Z al nivel 34.,
Gothitelle Z,Regional Form,Psychic/Fire,70,55,95,95,110,65,490,70/55/95/95/110/65,Cuerpo Llama,Espanto (Intimidate for Special Attack: -1 SpA al oponente al entrar),,Gothorita evoluciona a Gothitelle Z al nivel 38.,
Solosis Z / Duosion Z / Reuniclus Z,Regional Form,Psychic/Poison,110,75,75,125,85,30,500,110/75/75/125/85/30,Alquimia Vil,Regeneración,,Solosis Z (lvl 25) -> Duosion Z (lvl 38) -> Reuniclus Z.,
Quilladin Z / Chesnaught Z,Regional Starter Form,Grass/Ground,96,105,80,85,64,115,545,96/105/80/85/64/115,Espesura (Overgrow),Afortunado (Super Luck),"Spine Shot (80 BP, 100% Acc, Physical Grass, High Crit, Super effective against Flying)",,
Braixen Z / Delphox Z,Regional Starter Form,Fire/Electric,84,120,82,74,85,100,545,84/120/82/74/85/100,Mar Llamas (Blaze),Relampagueo / Electricidad Estática,"Blazing Blade (85 BP, 100% Acc, Physical Fire, +50% dmg to paralyzed targets)",,
Frogadier Z / Greninja Z,Regional Starter Form,Water/Psychic,107,75,86,122,93,62,545,107/75/86/122/93/62,Torrente (Torrent),Phantom Veil (Velo Fantasma),"Egg Trick (70 BP, 100% Acc, Special Water, casts a random psychic move from the full move pool)",,
Sirfetch’d Z (Baguette Knight),Regional Evolution,Fighting/Fire,62,135,95,68,82,65,507,62/135/95/68/82/65,Cuerpo Horneado (Well-Baked Body),Cuerpo Llama,,Farfetch’d evoluciona con Pan Duro a Sirfetch’d Z.,
Cefireon,New Eeveelution,Flying,65,65,60,110,95,130,525,65/65/60/110/95/130,Pararrayos (Lightning Rod),Ojocompuesto (Compound Eyes),,Eevee evoluciona al exponerlo a una Pluma Eólica (Isla Montesanto).,
Royaleon,New Eeveelution,Normal/Dragon,110,60,95,130,65,65,525,110/60/95/130/65/65,Realeza (+50% de potencia a todos los ataques de todos los tipos),Pelaje Recio (Fur Coat),,Eevee evoluciona al exponerlo a una Peluca Regia (Isla Certijo).,
Cherrilier,New Evolution (Cherrim),Grass/Fairy,85,85,75,117,83,55,500,85/85/75/117/83/55,Pedante,,,Cherrim evoluciona a Cherrilier al nivel 32.,
Gourmaus (Ratatouille Chef),New Evolution (Maushold),Normal,130,115,80,55,90,55,525,130/115/80/55/90/55,Sebo (Thick Fat),Gula (Gluttony),,Maushold evoluciona a Gourmaus al nivel 38.,
Halcombate,New Evolution (Hawlucha),Fighting/Flying,93,120,85,86,78,103,565,93/120/85/86/78/103,Piel Celeste (Aerilate),Rompemoldes (Mold Breaker),,Hawlucha evoluciona a Halcombate al nivel 55.,
Serdupla (Two-Headed Seviper),New Evolution (Seviper),Poison/Dark,93,115,70,90,70,85,523,93/115/70/90/70/85,Ensañamiento / Amor Filial (Parental Bond),Mudar,,Seviper evoluciona a Serdupla al nivel 52.,
Zanghoul,New Evolution (Zangoose),Normal/Ghost,83,125,80,65,80,90,523,83/125/80/65/80/90,Inmunidad / Brutalidad (Contact moves inflict Bleed / Hemorragia doubling crit chance),Ímpetu Tóxico (Toxic Boost),,Zangoose evoluciona a Zanghoul al nivel 52.,
Freyjynx,New Evolution (Jynx),Ice/Psychic,75,60,60,130,110,105,540,75/60/60/130/110/105,Voz Valquiria (Sound moves become Ice type and have 30% flinch chance),Piel Seca,,Jynx evoluciona a Freyjynx al nivel 65.,
Fobeto,New Evolution (Hypno),Psychic/Dark,105,93,70,100,115,67,550,105/93/70/100/115/67,Gran Pesadilla (-25% enemy HP per turn while asleep),Espanto (Intimidate for Special Attack),,Hypno evoluciona a Fobeto al nivel 65.,
Constellar,New Evolution / Fusion (Lunatone & Solrock),Rock/Psychic,110,115,120,75,80,60,560,110/115/120/75/80/60,Levitación,,,Lunatone / Solrock evoluciona a Constellar al subir de nivel teniendo al otro en el equipo.,
Luvourne,New Evolution (Luvdisc),Water/Fairy,93,60,85,120,95,97,550,93/60/85/120/95/97,Multiescamas (Multiscale),Escama Especial (Marvel Scale),,Luvdisc evoluciona a Luvourne al nivel 60.,
Sudrasil (Yggdrasil Sudowoodo),New Evolution (Sudowoodo),Rock/Grass,90,130,145,40,85,60,550,90/130/145/40/85/60,Robustez / Audaz (Rock Head),Herbogénesis (Grassy Surge),,Sudowoodo evoluciona a Sudrasil al nivel 70.,
Auretosk,4th Yggdrasil Legendary (Squirrel Messenger),Electric/Normal,126,131,95,99,98,131,680,126/131/95/99/98/131,"Aura Dorada (Boosts Electric moves by 30% for all on field, matching Xerneas/Yveltal)",,,,
Mega Chesnaught Z,Custom Mega Evolution,Grass/Ground,96,140,135,85,99,90,645,96/140/135/85/99/90,Armadura Batalla (Battle Armor),,,,
Mega Delphox Z,Custom Mega Evolution,Fire/Electric,84,155,92,74,115,125,645,84/155/92/74/115/125,Relampagueo (Lightning Flash),,,,
Mega Greninja Z,Custom Mega Evolution,Water/Psychic,107,85,106,152,113,82,645,107/85/106/152/113/82,Toque Mágico (Magic Touch),,,,
Mega Entei,Custom Mega Evolution,Fire,115,155,105,110,95,100,680,115/155/105/110/95/100,Sequía (Drought),,,,
Mega Volcarona,Custom Mega Evolution,Bug/Fire,85,60,95,175,135,100,650,85/60/95/175/135/100,Sequía (Drought),,,,
Mega Florges,Custom Mega Evolution,Fairy/Water,78,85,98,132,184,75,652,78/85/98/132/184/75,Voz Fluida (Liquid Voice),,,,
Mega Grimmsnarl,Custom Mega Evolution,Dark/Fairy,95,150,80,90,95,100,610,95/150/80/90/95/100,Potencia Bruta (Sheer Force),,,,
